,Manufacturer,Model,Trans,Eng Size,Cyl,MPG Comb,MPG City,MPG Hwy,Annual Fuel Cost,GHG Rating,Notes,Year
0,ASTON MARTIN,Vantage V12,A-8,5.2L,12cyl,16,14,22,"$3,800",3,"['P', 'T', 'Tax', 'CD']",2023
1,ASTON MARTIN,Vantage V8,A-8,4.0L,8cyl,20,18,24,"$3,050",4,"['P', 'T']",2023
2,AUDI,R8 Coupe quattro,AM-S7,5.2L,10cyl,15,13,18,"$4,100",2,"['PR', 'Tax', 'CD']",2023
3,AUDI,R8 Coupe RWD,AM-S7,5.2L,10cyl,17,14,23,"$3,600",3,"['PR', 'Tax', 'CD']",2023
4,AUDI,R8 GT RWD,AM-S7,5.2L,10cyl,17,14,21,"$3,600",3,"['PR', 'Tax', 'CD']",2023
5,AUDI,R8 Spyder quattro,AM-S7,5.2L,10cyl,15,13,18,"$4,100",2,"['PR', 'Tax', 'CD']",2023
6,AUDI,R8 Spyder RWD,AM-S7,5.2L,10cyl,17,14,23,"$3,600",3,"['PR', 'Tax', 'CD']",2023
7,AUDI,TT Roadster,AM-S7,2.0L,4cyl,25,23,30,"$1,900",5,"['T', 'SS']",2023
8,BMW,Z4 M40i,A-S8,3.0L,6cyl,26,23,31,"$2,350",5,"['P', 'T', 'SS']",2023
9,BMW,Z4 sDrive30i,A-S8,2.0L,4cyl,28,25,33,"$2,200",6,"['P', 'T', 'SS']",2023
10,BUGATTI,Chiron,AM-S7,8.0L,16cyl,11,9,14,"$5,550",1,"['PR', 'T', 'Tax']",2023
11,BUGATTI,Chiron Pur Sport,AM-S7,8.0L,16cyl,9,8,11,"$6,800",1,"['PR', 'T', 'Tax']",2023
12,BUGATTI,Chiron Super Sport,AM-S7,8.0L,16cyl,9,8,11,"$6,800",1,"['PR', 'T', 'Tax']",2023
13,CHEVROLET,Corvette,A-S8,6.2L,8cyl,19,16,24,"$2,500",4,['CD'],2023
14,CHEVROLET,Corvette Z06,A-S8,5.5L,8cyl,15,12,21,"$4,100",2,"['PR', 'Tax']",2023
15,CHEVROLET,Corvette Z06 Carbon Aero,A-S8,5.5L,8cyl,14,12,19,"$4,350",2,"['PR', 'Tax']",2023
16,CHEVROLET,812 Competizione,AM-7,6.5L,12cyl,14,12,16,"$4,350",2,"['PR', 'Tax', 'SS']",2023
17,CHEVROLET,812 Competizione A,AM-7,6.5L,12cyl,14,12,16,"$4,350",2,"['PR', 'Tax', 'SS']",2023
18,CHEVROLET,812 GTS,AM-7,6.5L,12cyl,13,12,15,"$4,700",1,"['PR', 'Tax', 'SS']",2023
19,CHEVROLET,Daytona SP3,AM-7,6.5L,12cyl,13,12,16,"$4,700",1,"['PR', 'Tax', 'SS']",2023
20,CHEVROLET,F8 Spider,AM-7,3.9L,8cyl,16,15,18,"$3,800",3,"['PR', 'T', 'Tax', 'SS']",2023
21,CHEVROLET,F8 Tributo,AM-7,3.9L,8cyl,16,15,19,"$3,800",3,"['PR', 'T', 'Tax', 'SS']",2023
22,CHEVROLET,Monza SP1,AM-7,6.5L,12cyl,13,12,15,"$4,700",1,"['PR', 'Tax', 'SS']",2023
23,CHEVROLET,Monza SP2,AM-7,6.5L,12cyl,13,12,15,"$4,700",1,"['PR', 'Tax', 'SS']",2023
24,JAGUAR,F-Type P450 AWD R-Dynamic Convertible,A-S8,5.0L,8cyl,18,16,24,"$3,400",4,"['P', 'S', 'SS']",2023
25,JAGUAR,F-Type P450 AWD R-Dynamic Coupe,A-S8,5.0L,8cyl,18,16,24,"$3,400",4,"['P', 'S', 'SS']",2023
26,JAGUAR,F-Type P450 RWD Convertible,A-S8,5.0L,8cyl,19,17,24,"$3,200",4,"['P', 'S', 'SS']",2023
27,JAGUAR,F-Type P450 RWD Coupe,A-S8,5.0L,8cyl,19,17,24,"$3,200",4,"['P', 'S', 'SS']",2023
28,JAGUAR,F-Type R AWD Convertible,A-S8,5.0L,8cyl,18,16,24,"$3,400",4,"['P', 'S', 'SS']",2023
29,JAGUAR,F-Type R AWD Coupe,A-S8,5.0L,8cyl,18,16,24,"$3,400",4,"['P', 'S', 'SS']",2023
30,LAMBORGHINI,Huracan Coupe,AM-S7,5.2L,10cyl,15,13,18,"$4,100",2,"['PR', 'Tax', 'CD']",2023
31,LAMBORGHINI,Huracan Coupe 2WD,AM-S7,5.2L,10cyl,15,13,18,"$4,100",2,"['PR', 'Tax', 'CD']",2023
32,LAMBORGHINI,Huracan Spyder,AM-S7,5.2L,10cyl,15,13,18,"$4,100",2,"['PR', 'Tax', 'CD']",2023
33,LAMBORGHINI,Huracan Spyder 2WD,AM-S7,5.2L,10cyl,15,13,18,"$4,100",2,"['PR', 'Tax', 'CD']",2023
34,MASERATI,MC20,A-S8,3.0L,6cyl,18,15,25,"$3,400",4,"['PR', 'T']",2023
35,MASERATI,MC20 Spyder,A-S8,3.0L,6cyl,18,15,25,"$3,400",4,"['PR', 'T']",2023
36,MAZDA,MX-5,A-S6,2.0L,4cyl,30,26,35,"$2,050",6,['P'],2023
37,MAZDA,MX-5,M-6,2.0L,4cyl,29,26,34,"$2,100",6,['P'],2023
38,MERCEDES-BENZ,AMG SL43,A-9,2.0L,4cyl,23,21,27,"$2,650",5,"['PR', 'T', 'MHEV', 'SS']",2023
39,NISSAN,Z,A-S9,3.0L,6cyl,22,19,28,"$2,800",5,"['PR', 'T']",2023
40,NISSAN,Z,M-6,3.0L,6cyl,20,18,24,"$3,050",4,"['PR', 'T']",2023
41,PAGANI,Huayra,AM-7,6.0L,12cyl,12,10,15,"$5,100",1,"['P', 'T', 'Tax']",2023
42,PORSCHE,718 Boxster,AM-S7,2.0L,4cyl,24,21,27,"$2,550",5,"['PR', 'T', 'SS']",2023
43,PORSCHE,718 Boxster,M-6,2.0L,4cyl,22,20,25,"$2,800",5,"['PR', 'T', 'SS']",2023
44,PORSCHE,718 Boxster GTS,AM-S7,4.0L,6cyl,21,19,24,"$2,900",4,"['PR', 'T']",2023
45,PORSCHE,718 Boxster GTS,M-6,4.0L,6cyl,19,17,24,"$3,200",4,"['PR', 'T']",2023
46,PORSCHE,718 Boxster S,AM-S7,2.5L,4cyl,22,19,25,"$2,800",5,"['PR', 'T', 'SS']",2023
47,PORSCHE,718 Boxster S,M-6,2.5L,4cyl,21,19,24,"$2,900",4,"['PR', 'T', 'SS']",2023
48,PORSCHE,718 Boxster T,AM-S7,2.0L,4cyl,23,21,27,"$2,650",5,"['PR', 'T', 'SS']",2023
49,PORSCHE,718 Boxster T,M-6,2.0L,4cyl,22,20,26,"$2,800",5,"['PR', 'T', 'SS']",2023
50,PORSCHE,718 Cayman,AM-S7,2.0L,4cyl,24,21,27,"$2,550",5,"['PR', 'T', 'SS']",2023
51,PORSCHE,718 Cayman,M-6,2.0L,4cyl,22,20,25,"$2,800",5,"['PR', 'T', 'SS']",2023
52,PORSCHE,718 Cayman GT4,AM-S7,4.0L,6cyl,20,18,24,"$3,050",4,"['PR', 'T']",2023
53,PORSCHE,718 Cayman GT4,M-6,4.0L,6cyl,19,17,23,"$3,200",4,"['PR', 'T']",2023
54,PORSCHE,718 Cayman GTS,AM-S7,4.0L,6cyl,21,19,24,"$2,900",4,"['PR', 'T']",2023
55,PORSCHE,718 Cayman GTS,M-6,4.0L,6cyl,19,17,24,"$3,200",4,"['PR', 'T']",2023
56,PORSCHE,718 Cayman S,AM-S7,2.5L,4cyl,22,19,25,"$2,800",5,"['PR', 'T', 'SS']",2023
57,PORSCHE,718 Cayman S,M-6,2.5L,4cyl,21,19,24,"$2,900",4,"['PR', 'T', 'SS']",2023
58,PORSCHE,718 Cayman T,AM-S7,2.0L,4cyl,23,21,27,"$2,650",5,"['PR', 'T', 'SS']",2023
59,PORSCHE,718 Cayman T,M-6,2.0L,4cyl,22,20,26,"$2,800",5,"['PR', 'T', 'SS']",2023
60,PORSCHE,718 GT4 RS,AM-S7,4.0L,6cyl,16,15,19,"$3,800",3,"['PR', 'Tax', 'SS']",2023
61,PORSCHE,718 Spyder,AM-S7,4.0L,6cyl,20,18,24,"$3,050",4,"['PR', 'T']",2023
62,PORSCHE,718 Spyder,M-6,4.0L,6cyl,19,17,23,"$3,200",4,"['PR', 'T']",2023
63,PORSCHE,911 GT3,AM-S7,4.0L,6cyl,16,15,18,"$3,800",3,"['PR', 'Tax', 'SS']",2023
64,PORSCHE,911 GT3,M-6,4.0L,6cyl,16,14,18,"$3,800",3,"['PR', 'Tax']",2023
65,PORSCHE,911 GT3 RS,AM-S7,4.0L,6cyl,16,14,18,"$3,800",3,"['PR', 'Tax', 'SS']",2023
66,PORSCHE,911 GT3 Touring,AM-S7,4.0L,6cyl,16,15,18,"$3,800",3,"['PR', 'Tax', 'SS']",2023
67,PORSCHE,911 GT3 Touring,M-6,4.0L,6cyl,16,14,18,"$3,800",3,"['PR', 'Tax']",2023
68,RUF AUTOMOBILE,T12/CTR3/CTR Anniversary,M-7,3.8L,6cyl,19,17,22,"$3,200",4,"['PR', 'T']",2023
69,TOYOTA,GR Supra,A-S8,2.0L,4cyl,27,25,31,"$2,250",5,"['P', 'T', 'SS']",2023
70,TOYOTA,GR Supra,A-S8,3.0L,6cyl,26,23,31,"$2,350",5,"['P', 'T', 'SS']",2023
71,TOYOTA,GR Supra,M-6,3.0L,6cyl,21,19,27,"$2,900",4,"['P', 'T']",2023
72,ASTON MARTIN,DB11 V12,A-8,5.2L,12cyl,17,14,22,"$3,600",3,"['P', 'T', 'Tax', 'CD']",2023
73,ASTON MARTIN,DB11 V8,A-8,4.0L,8cyl,20,18,24,"$3,050",4,"['P', 'T']",2023
74,ASTON MARTIN,DBS,A-8,5.2L,12cyl,17,14,22,"$3,600",3,"['P', 'T', 'Tax', 'CD']",2023
75,BENTLEY,Continental GT Convertible,AM-S8,4.0L,8cyl,18,15,22,"$3,400",4,"['PR', 'T', 'Tax', 'CD', 'SS']",2023
76,BENTLEY,Continental GT Convertible Speed,AM-S8,6.0L,12cyl,14,12,18,"$4,350",2,"['P', 'T', 'Tax', 'CD', 'SS']",2023
77,FERRARI,Portoî€‰no M,AM-8,3.9L,8cyl,19,16,23,"$3,200",4,"['PR', 'T', 'SS']",2023
78,LEXUS,LC 500 Convertible,A-S10,5.0L,8cyl,18,15,25,"$3,400",4,['PR'],2023
79,MERCEDES-BENZ,AMG SL55 4matic Plus,A-9,4.0L,8cyl,16,13,21,"$3,800",3,"['PR', 'T', 'Tax', 'SS']",2023
80,MERCEDES-BENZ,AMG SL63 4matic Plus,A-9,4.0L,8cyl,16,14,22,"$3,800",3,"['PR', 'T', 'Tax', 'SS']",2023
81,MINI,Cooper Convertible,AM-S7,1.5L,3cyl,32,29,38,"$1,900",6,"['P', 'T', 'SS']",2023
82,MINI,Cooper Convertible,M-6,1.5L,3cyl,31,27,37,"$1,950",6,"['P', 'T', 'SS']",2023
83,MINI,Cooper S Convertible,AM-S7,2.0L,4cyl,30,27,36,"$2,050",6,"['P', 'T']",2023
84,MINI,Cooper S Convertible,M-6,2.0L,4cyl,27,23,33,"$2,250",5,"['P', 'T']",2023
85,MINI,John Cooper Works Convertible,A-S8,2.0L,4cyl,27,24,33,"$2,250",5,"['P', 'T', 'SS']",2023
86,PORSCHE,911 Carrera,AM-S8,3.0L,6cyl,20,18,24,"$3,050",4,"['PR', 'T', 'SS']",2023
87,PORSCHE,911 Carrera 4,AM-S8,3.0L,6cyl,20,18,24,"$3,050",4,"['PR', 'T', 'SS']",2023
88,PORSCHE,911 Carrera 4 Cabriolet,AM-S8,3.0L,6cyl,20,18,24,"$3,050",4,"['PR', 'T', 'SS']",2023
89,PORSCHE,911 Carrera 4 GTS,AM-S8,3.0L,6cyl,19,17,23,"$3,200",4,"['PR', 'T', 'SS']",2023
90,PORSCHE,911 Carrera 4 GTS,M-7,3.0L,6cyl,19,17,23,"$3,200",4,"['PR', 'T', 'SS']",2023
91,PORSCHE,911 Carrera 4 GTS Cabriolet,AM-S8,3.0L,6cyl,19,17,22,"$3,200",4,"['PR', 'T', 'SS']",2023
92,PORSCHE,911 Carrera 4 GTS Cabriolet,M-7,3.0L,6cyl,19,16,23,"$3,200",4,"['PR', 'T', 'SS']",2023
93,PORSCHE,911 Carrera 4S,AM-S8,3.0L,6cyl,20,18,23,"$3,050",4,"['PR', 'T', 'SS']",2023
94,PORSCHE,911 Carrera 4S,M-7,3.0L,6cyl,20,17,25,"$3,050",4,"['PR', 'T', 'SS']",2023
95,PORSCHE,911 Carrera 4S Cabriolet,AM-S8,3.0L,6cyl,20,18,23,"$3,050",4,"['PR', 'T', 'SS']",2023
96,PORSCHE,911 Carrera 4S Cabriolet,M-7,3.0L,6cyl,20,17,24,"$3,050",4,"['PR', 'T', 'SS']",2023
97,PORSCHE,911 Carrera Cabriolet,AM-S8,3.0L,6cyl,20,18,24,"$3,050",4,"['PR', 'T', 'SS']",2023
98,PORSCHE,911 Carrera GTS,AM-S8,3.0L,6cyl,19,17,23,"$3,200",4,"['PR', 'T', 'SS']",2023
99,PORSCHE,911 Carrera GTS,M-7,3.0L,6cyl,20,17,24,"$3,050",4,"['PR', 'T', 'SS']",2023
100,PORSCHE,911 Carrera GTS Cabriolet,AM-S8,3.0L,6cyl,19,17,23,"$3,200",4,"['PR', 'T', 'SS']",2023
101,PORSCHE,911 Carrera GTS Cabriolet,M-7,3.0L,6cyl,20,17,24,"$3,050",4,"['PR', 'T', 'SS']",2023
102,PORSCHE,911 Carrera S,AM-S8,3.0L,6cyl,20,18,23,"$3,050",4,"['PR', 'T', 'SS']",2023
103,PORSCHE,911 Carrera S,M-7,3.0L,6cyl,21,18,25,"$2,900",4,"['PR', 'T', 'SS']",2023
104,PORSCHE,911 Carrera S Cabriolet,AM-S8,3.0L,6cyl,20,18,23,"$3,050",4,"['PR', 'T', 'SS']",2023
105,PORSCHE,911 Carrera S Cabriolet,M-7,3.0L,6cyl,20,17,25,"$3,050",4,"['PR', 'T', 'SS']",2023
106,PORSCHE,911 Carrera T,AM-S8,3.0L,6cyl,20,18,24,"$3,050",4,"['PR', 'T', 'SS']",2023
107,PORSCHE,911 Carrera T,M-7,3.0L,6cyl,20,17,25,"$3,050",4,"['PR', 'T', 'SS']",2023
108,PORSCHE,911 Dakar,AM-S8,3.0L,6cyl,19,16,24,"$3,200",4,"['PR', 'T', 'SS']",2023
109,PORSCHE,911 Sport Classic,M-7,3.7L,6cyl,17,15,21,"$3,600",3,"['PR', 'T', 'Tax', 'SS']",2023
110,PORSCHE,911 Targa 4,AM-S8,3.0L,6cyl,20,18,24,"$3,050",4,"['PR', 'T', 'SS']",2023
111,PORSCHE,911 Targa 4 GTS,AM-S8,3.0L,6cyl,19,17,22,"$3,200",4,"['PR', 'T', 'SS']",2023
112,PORSCHE,911 Targa 4 GTS,M-7,3.0L,6cyl,19,16,23,"$3,200",4,"['PR', 'T', 'SS']",2023
113,PORSCHE,911 Targa 4S,AM-S8,3.0L,6cyl,20,18,23,"$3,050",4,"['PR', 'T', 'SS']",2023
114,PORSCHE,911 Targa 4S,M-7,3.0L,6cyl,20,17,24,"$3,050",4,"['PR', 'T', 'SS']",2023
115,PORSCHE,911 Turbo,AM-S8,3.7L,6cyl,17,15,20,"$3,600",3,"['PR', 'T', 'Tax', 'SS']",2023
116,PORSCHE,911 Turbo Cabriolet,AM-S8,3.7L,6cyl,17,15,20,"$3,600",3,"['PR', 'T', 'Tax', 'SS']",2023
117,PORSCHE,911 Turbo S,AM-S8,3.7L,6cyl,17,15,20,"$3,600",3,"['PR', 'T', 'SS']",2023
118,PORSCHE,911 Turbo S Cabriolet,AM-S8,3.7L,6cyl,17,15,20,"$3,600",3,"['PR', 'T', 'Tax', 'SS']",2023
119,SUBARU,BRZ,A-S6,2.4L,4cyl,25,21,30,"$2,450",5,['PR'],2023
120,SUBARU,BRZ,M-6,2.4L,4cyl,22,20,27,"$2,800",5,['PR'],2023
121,TOYOTA,GR 86,A-S6,2.4L,4cyl,25,21,31,"$2,450",5,['PR'],2023
122,TOYOTA,GR 86,M-6,2.4L,4cyl,22,20,27,"$2,800",5,['PR'],2023
123,AUDI,A3,AM-S7,2.0L,4cyl,32,28,38,"$1,500",6,"['P', 'T', 'MHEV', 'SS']",2023
124,AUDI,A3 quattro,AM-S7,2.0L,4cyl,30,27,35,"$1,600",6,"['P', 'T', 'MHEV', 'SS']",2023
125,AUDI,A5 Cabriolet quattro,AM-S7,2.0L,4cyl,26,24,31,"$2,350",5,"['P', 'T', 'MHEV', 'SS']",2023
126,AUDI,A5 Coupe quattro,AM-S7,2.0L,4cyl,27,24,32,"$2,250",5,"['P', 'T', 'MHEV', 'SS']",2023
127,AUDI,RS 5 Coupe,A-S8,2.9L,6cyl,21,18,26,"$2,900",4,"['P', 'T']",2023
128,AUDI,RS3,AM-S7,2.5L,5cyl,23,20,29,"$2,650",5,"['P', 'T']",2023
129,AUDI,S3,AM-S7,2.0L,4cyl,26,23,32,"$2,350",5,"['P', 'T', 'SS']",2023
130,AUDI,S5 Cabriolet,A-S8,3.0L,6cyl,23,21,28,"$2,650",5,"['P', 'T', 'SS']",2023
131,AUDI,S5 Coupe,A-S8,3.0L,6cyl,24,21,30,"$2,550",5,"['P', 'T', 'SS']",2023
132,AUDI,TT Coupe,AM-S7,2.0L,4cyl,25,23,30,"$1,900",5,"['T', 'SS']",2023
133,AUDI,TTS Coupe,AM-S7,2.0L,4cyl,26,23,31,"$2,350",5,"['P', 'T', 'SS']",2023
134,BENTLEY,Continental GT,AM-S8,4.0L,8cyl,18,15,23,"$3,400",4,"['PR', 'T', 'CD', 'SS']",2023
135,BENTLEY,Continental GT Speed,AM-S8,6.0L,12cyl,15,12,20,"$4,100",2,"['P', 'T', 'Tax', 'CD', 'SS']",2023
136,BMW,230i Coupe,A-S8,2.0L,4cyl,29,26,35,"$2,100",6,"['P', 'T', 'SS']",2023
137,BMW,230i xDrive Coupe,A-S8,2.0L,4cyl,28,24,34,"$2,200",6,"['P', 'T', 'SS']",2023
138,BMW,430i Convertible,A-S8,2.0L,4cyl,28,25,34,"$2,200",6,"['P', 'T', 'SS']",2023
139,BMW,430i Coupe,A-S8,2.0L,4cyl,28,25,34,"$2,200",6,"['P', 'T', 'SS']",2023
140,BMW,430i xDrive Convertible,A-S8,2.0L,4cyl,27,23,33,"$2,250",5,"['P', 'T', 'SS']",2023
141,BMW,430i xDrive Coupe,A-S8,2.0L,4cyl,27,23,33,"$2,250",5,"['P', 'T', 'SS']",2023
142,BMW,840i Convertible,A-S8,3.0L,6cyl,24,21,29,"$2,550",5,"['P', 'T', 'SS']",2023
143,BMW,840i Coupe,A-S8,3.0L,6cyl,24,21,29,"$2,550",5,"['P', 'T', 'SS']",2023
144,BMW,840i xDrive Convertible,A-S8,3.0L,6cyl,24,21,29,"$2,550",5,"['P', 'T', 'SS']",2023
145,BMW,840i xDrive Coupe,A-S8,3.0L,6cyl,24,21,29,"$2,550",5,"['P', 'T', 'SS']",2023
146,BMW,M2 Coupe,A-S8,3.0L,6cyl,19,16,23,"$3,200",4,"['PR', 'T', 'SS']",2023
147,BMW,M2 Coupe,M-6,3.0L,6cyl,19,16,24,"$3,200",4,"['PR', 'T', 'SS']",2023
148,BMW,M240i Coupe,A-S8,3.0L,6cyl,26,22,32,"$2,350",5,"['P', 'T', 'SS']",2023
149,BMW,M240i xDrive Coupe,A-S8,3.0L,6cyl,26,23,32,"$2,350",5,"['P', 'T', 'SS']",2023
150,BMW,M4 Competition Coupe,A-S8,3.0L,6cyl,19,16,23,"$3,200",4,"['PR', 'T', 'SS']",2023
151,BMW,M4 Competition M xDrive Convertible,A-S8,3.0L,6cyl,18,16,23,"$3,400",4,"['PR', 'T', 'SS']",2023
152,BMW,M4 Competition M xDrive Coupe,A-S8,3.0L,6cyl,18,16,22,"$3,400",4,"['PR', 'T', 'SS']",2023
153,BMW,M4 Coupe,M-6,3.0L,6cyl,19,16,23,"$3,200",4,"['PR', 'T', 'SS']",2023
154,BMW,M4 CSL Coupe,A-S8,3.0L,6cyl,18,16,23,"$3,400",4,"['PR', 'T', 'SS']",2023
155,BMW,M440i Convertible,A-S8,3.0L,6cyl,26,23,31,"$2,350",5,"['P', 'T', 'MHEV', 'SS']",2023
156,BMW,M440i Coupe,A-S8,3.0L,6cyl,27,24,32,"$2,250",5,"['P', 'T', 'MHEV', 'SS']",2023
157,BMW,M440i xDrive Convertible,A-S8,3.0L,6cyl,25,22,31,"$2,450",5,"['P', 'T', 'MHEV', 'SS']",2023
158,BMW,M440i xDrive Coupe,A-S8,3.0L,6cyl,25,22,31,"$2,450",5,"['P', 'T', 'MHEV', 'SS']",2023
159,BMW,M8 Competition Convertible,A-S8,4.4L,8cyl,17,15,22,"$3,600",3,"['P', 'T', 'Tax', 'SS']",2023
160,BMW,M8 Competition Coupe,A-S8,4.4L,8cyl,17,15,22,"$3,600",3,"['P', 'T', 'Tax', 'SS']",2023
161,BMW,M850i xDrive Convertible,A-S8,4.4L,8cyl,19,17,24,"$3,200",4,"['P', 'T', 'SS']",2023
162,BMW,M850i xDrive Coupe,A-S8,4.4L,8cyl,19,17,24,"$3,200",4,"['P', 'T', 'SS']",2023
163,CHEVROLET,Camaro,A-S8,2.0L,4cyl,25,22,30,"$2,450",5,"['PR', 'T']",2023
164,CHEVROLET,Camaro,M-6,2.0L,4cyl,22,19,28,"$2,800",5,"['PR', 'T']",2023
165,CHEVROLET,Camaro,A-S10,3.6L,6cyl,22,18,29,"$2,150",5,['CD'],2023
166,CHEVROLET,Camaro,M-6,3.6L,6cyl,20,16,26,"$2,400",4,[],2023
167,CHEVROLET,Camaro,A-S10,6.2L,8cyl,20,16,26,"$3,050",4,"['PR', 'CD']",2023
168,CHEVROLET,Camaro,A-S10,6.2L,8cyl,16,13,21,"$3,800",3,"['PR', 'S', 'Tax']",2023
169,CHEVROLET,Camaro,M-6,6.2L,8cyl,19,16,24,"$3,200",4,['PR'],2023
170,CHEVROLET,Camaro,M-6,6.2L,8cyl,16,14,20,"$3,800",3,"['PR', 'S', 'Tax']",2023
171,FERRARI,Roma,AM-8,3.9L,8cyl,19,17,22,"$3,200",4,"['PR', 'T', 'SS']",2023
172,FORD,Mustang,A-10,2.3L,4cyl,25,22,32,"$1,900",5,['T'],2023
173,FORD,Mustang,A-S10,2.3L,4cyl,24,21,31,"$2,000",5,['T'],2023
174,FORD,Mustang,M-6,2.3L,4cyl,24,21,29,"$2,000",5,['T'],2023
175,FORD,Mustang,A-S10,5.0L,8cyl,19,15,24,"$2,500",4,[],2023
176,FORD,Mustang,M-6,5.0L,8cyl,18,15,24,"$2,650",4,[],2023
177,FORD,Mustang Convertible,A-10,2.3L,4cyl,23,20,28,"$2,050",5,['T'],2023
178,FORD,Mustang Convertible,A-S10,2.3L,4cyl,23,20,28,"$2,050",5,['T'],2023
179,FORD,Mustang Convertible,M-6,2.3L,4cyl,23,20,27,"$2,050",5,['T'],2023
180,FORD,Mustang Convertible,A-S10,5.0L,8cyl,18,15,23,"$2,650",4,[],2023
181,FORD,Mustang HO Convertible,A-S10,2.3L,4cyl,22,19,26,"$2,150",5,['T'],2023
182,FORD,Mustang HO Convertible,M-6,2.3L,4cyl,21,19,25,"$2,250",4,['T'],2023
183,FORD,Mustang HO Coupe,A-S10,2.3L,4cyl,23,20,27,"$2,050",5,['T'],2023
184,FORD,Mustang HO Coupe,M-6,2.3L,4cyl,22,20,27,"$2,150",5,['T'],2023
185,FORD,Mustang Mach 1,A-S10,5.0L,8cyl,18,15,23,"$2,650",4,[],2023
186,FORD,Mustang Mach 1,M-6,5.0L,8cyl,17,14,22,"$2,800",3,['Tax'],2023
187,LEXUS,LC 500,A-S10,5.0L,8cyl,19,16,25,"$3,200",4,['PR'],2023
188,LEXUS,LC 500h,AV-S10,3.5L,6cyl,29,26,33,"$2,100",6,"['PR', 'HEV', 'SS']",2023
189,LEXUS,RC 300,A-S8,2.0L,4cyl,25,21,31,"$2,450",5,"['PR', 'T']",2023
190,LEXUS,RC 300 AWD,A-S6,3.5L,6cyl,22,19,26,"$2,800",5,['PR'],2023
191,LEXUS,RC 350,A-S8,3.5L,6cyl,23,20,28,"$2,650",5,['PR'],2023
192,LEXUS,RC 350 AWD,A-S6,3.5L,6cyl,22,19,26,"$2,800",5,['PR'],2023
193,LEXUS,RC F,A-S8,5.0L,8cyl,19,16,24,"$3,200",4,['PR'],2023
194,MERCEDES-BENZ,AMG C43 4matic Convertible,A-9,3.0L,6cyl,22,18,28,"$2,800",5,"['PR', 'T', 'SS']",2023
195,MERCEDES-BENZ,AMG C43 4matic Coupe,A-9,3.0L,6cyl,21,18,27,"$2,900",4,"['PR', 'T', 'SS']",2023
196,MERCEDES-BENZ,AMG C63 S Convertible,A-9,4.0L,8cyl,19,16,24,"$3,200",4,"['PR', 'T', 'SS']",2023
197,MERCEDES-BENZ,AMG C63 S Coupe,A-9,4.0L,8cyl,19,16,24,"$3,200",4,"['PR', 'T', 'SS']",2023
198,MERCEDES-BENZ,AMG E53 4matic Plus Convertible,A-9,3.0L,6cyl,23,20,27,"$2,650",5,"['PR', 'MHEV', 'SS']",2023
199,MERCEDES-BENZ,AMG E53 4matic Plus Coupe,A-9,3.0L,6cyl,23,20,28,"$2,650",5,"['PR', 'MHEV', 'SS']",2023
200,MERCEDES-BENZ,C300 4matic Convertible,A-9,2.0L,4cyl,25,21,30,"$2,450",5,"['PR', 'T', 'SS']",2023
201,MERCEDES-BENZ,C300 4matic Coupe,A-9,2.0L,4cyl,25,22,31,"$2,450",5,"['PR', 'T', 'SS']",2023
202,MERCEDES-BENZ,C300 Convertible,A-9,2.0L,4cyl,24,21,29,"$2,550",5,"['PR', 'T', 'SS']",2023
203,MERCEDES-BENZ,C300 Coupe,A-9,2.0L,4cyl,25,22,31,"$2,450",5,"['PR', 'T', 'SS']",2023
204,MERCEDES-BENZ,E450 4matic Convertible,A-9,3.0L,6cyl,24,22,29,"$2,550",5,"['PR', 'T', 'MHEV', 'SS']",2023
205,MERCEDES-BENZ,E450 4matic Coupe,A-9,3.0L,6cyl,24,21,30,"$2,550",5,"['PR', 'T', 'MHEV', 'SS']",2023
206,MERCEDES-BENZ,E450 Convertible,A-9,3.0L,6cyl,25,22,29,"$2,450",5,"['PR', 'T', 'MHEV', 'SS']",2023
207,MERCEDES-BENZ,E450 Coupe,A-9,3.0L,6cyl,25,23,30,"$2,450",5,"['PR', 'T', 'MHEV', 'SS']",2023
208,MINI,Cooper Hardtop 2 door,AM-S7,1.5L,3cyl,32,29,38,"$1,900",6,"['P', 'T', 'SS']",2023
209,MINI,Cooper Hardtop 2 door,M-6,1.5L,3cyl,31,27,37,"$1,950",6,"['P', 'T', 'SS']",2023
210,MINI,Cooper Hardtop 4 door,AM-S7,1.5L,3cyl,32,29,38,"$1,900",6,"['P', 'T', 'SS']",2023
211,MINI,Cooper Hardtop 4 door,M-6,1.5L,3cyl,31,27,37,"$1,950",6,"['P', 'T', 'SS']",2023
212,MINI,Cooper S Hardtop 2 door,AM-S7,2.0L,4cyl,31,28,38,"$1,950",6,"['P', 'T', 'SS']",2023
213,MINI,Cooper S Hardtop 2 door,M-6,2.0L,4cyl,27,23,33,"$2,250",5,"['P', 'T']",2023
214,MINI,Cooper S Hardtop 4 door,AM-S7,2.0L,4cyl,31,28,38,"$1,950",6,"['P', 'T']",2023
215,MINI,Cooper S Hardtop 4 door,M-6,2.0L,4cyl,27,23,33,"$2,250",5,"['P', 'T']",2023
216,MINI,John Cooper Works Hardtop 2 door,A-S8,2.0L,4cyl,29,25,34,"$2,100",6,"['P', 'T']",2023
217,MINI,John Cooper Works Hardtop 2 door,M-6,2.0L,4cyl,25,22,31,"$2,450",5,"['P', 'T']",2023
218,NISSAN,GT-R,AM-S6,3.8L,6cyl,18,16,22,"$3,400",4,"['PR', 'T']",2023
219,TOYOTA,GR Corolla,M-6,1.6L,3cyl,24,21,28,"$2,550",5,"['PR', 'T']",2023
220,ACURA,TLX AWD,A-S10,2.0L,4cyl,24,21,29,"$2,550",5,"['P', 'T', 'SS']",2023
221,ACURA,TLX AWD A-SPEC,A-S10,2.0L,4cyl,24,21,29,"$2,550",5,"['P', 'T', 'SS']",2023
222,ACURA,TLX FWD,A-S10,2.0L,4cyl,25,22,31,"$2,450",5,"['P', 'T', 'SS']",2023
223,ACURA,TLX FWD A-SPEC,A-S10,2.0L,4cyl,25,22,30,"$2,450",5,"['P', 'T', 'SS']",2023
224,ACURA,TLX Type-S,A-S10,3.0L,6cyl,21,19,25,"$2,900",4,"['P', 'T', 'CD', 'SS']",2023
225,ACURA,TLX Type-S Perf Tire,A-S10,3.0L,6cyl,21,19,24,"$2,900",4,"['P', 'T', 'CD', 'SS']",2023
226,AUDI,A4 quattro,AM-S7,2.0L,4cyl,28,24,33,"$2,200",6,"['P', 'T', 'MHEV', 'SS']",2023
227,AUDI,A4 S-Line quattro,AM-S7,2.0L,4cyl,27,24,32,"$2,250",5,"['P', 'T', 'MHEV', 'SS']",2023
228,AUDI,S4,A-S8,3.0L,6cyl,24,21,30,"$2,550",5,"['P', 'T', 'SS']",2023
229,BMW,228i Gran Coupe,A-S8,2.0L,4cyl,28,24,34,"$2,200",6,"['P', 'T', 'SS']",2023
230,BMW,228i xDrive Gran Coupe,A-S8,2.0L,4cyl,27,23,33,"$2,250",5,"['P', 'T', 'SS']",2023
231,BMW,330i Sedan,A-S8,2.0L,4cyl,29,25,34,"$2,100",6,"['P', 'T', 'SS']",2023
232,BMW,330i xDrive Sedan,A-S8,2.0L,4cyl,27,24,33,"$2,250",5,"['P', 'T', 'SS']",2023
233,BMW,430i Gran Coupe,A-S8,2.0L,4cyl,28,25,34,"$2,200",6,"['P', 'T', 'SS']",2023
234,BMW,430i xDrive Gran Coupe,A-S8,2.0L,4cyl,27,23,33,"$2,250",5,"['P', 'T', 'SS']",2023
235,BMW,M235i xDrive Gran Coupe,A-S8,2.0L,4cyl,27,24,33,"$2,250",5,"['P', 'T', 'SS']",2023
236,BMW,M3 Competition M xDrive Sedan,A-S8,3.0L,6cyl,18,16,22,"$3,400",4,"['PR', 'T', 'SS']",2023
237,BMW,M3 Competition Sedan,A-S8,3.0L,6cyl,19,16,23,"$3,200",4,"['PR', 'T', 'SS']",2023
238,BMW,M3 Sedan,M-6,3.0L,6cyl,19,16,23,"$3,200",4,"['PR', 'T', 'SS']",2023
239,BMW,M340i Sedan,A-S8,3.0L,6cyl,26,23,31,"$2,350",5,"['P', 'T', 'MHEV', 'SS']",2023
240,BMW,M340i xDrive Sedan,A-S8,3.0L,6cyl,26,23,32,"$2,350",5,"['P', 'T', 'MHEV', 'SS']",2023
241,BMW,M440i Gran Coupe,A-S8,3.0L,6cyl,27,24,32,"$2,250",5,"['P', 'T', 'MHEV', 'SS']",2023
242,BMW,M440i xDrive Gran Coupe,A-S8,3.0L,6cyl,25,22,31,"$2,450",5,"['P', 'T', 'MHEV', 'SS']",2023
243,CADILLAC,CT4,A-S8,2.0L,4cyl,27,23,34,"$2,250",5,"['PR', 'T', 'CD', 'SS']",2023
244,CADILLAC,CT4,A-S10,2.7L,4cyl,25,21,31,"$2,450",5,"['PR', 'T', 'CD', 'SS']",2023
245,CADILLAC,CT4 AWD,A-S8,2.0L,4cyl,26,22,31,"$2,350",5,"['PR', 'T', 'CD', 'SS']",2023
246,CADILLAC,CT4 AWD,A-S10,2.7L,4cyl,24,21,29,"$2,550",5,"['PR', 'T', 'CD', 'SS']",2023
247,CADILLAC,CT4 V,A-S10,2.7L,4cyl,23,20,29,"$2,650",5,"['PR', 'T', 'CD', 'SS']",2023
248,CADILLAC,CT4 V,A-S10,3.6L,6cyl,19,16,24,"$3,200",4,"['PR', 'T']",2023
249,CADILLAC,CT4 V,M-6,3.6L,6cyl,18,15,23,"$3,400",4,"['PR', 'T']",2023
250,CADILLAC,CT4 V AWD,A-S10,2.7L,4cyl,23,20,28,"$2,650",5,"['PR', 'T', 'CD', 'SS']",2023
251,FERRARI,F175 AHA,AM-8,6.5L,12cyl,12,11,15,"$5,100",1,"['PR', 'Tax', 'SS']",2023
252,GENESIS,G70 AWD,A-S8,2.0L,4cyl,23,20,28,"$2,650",5,"['P', 'T']",2023
253,GENESIS,G70 AWD,A-S8,3.3L,6cyl,20,17,26,"$3,050",4,"['P', 'T']",2023
254,GENESIS,G70 RWD,A-S8,2.0L,4cyl,25,21,31,"$2,450",5,"['P', 'T']",2023
255,GENESIS,G70 RWD,A-S8,3.3L,6cyl,21,18,27,"$2,900",4,"['P', 'T']",2023
256,KIA,Rio,AV-S1,1.6L,4cyl,36,32,41,"$1,300",7,[],2023
257,LEXUS,IS 300,A-S8,2.0L,4cyl,25,21,31,"$2,450",5,"['PR', 'T']",2023
258,LEXUS,IS 300 AWD,A-S6,3.5L,6cyl,22,19,26,"$2,800",5,['PR'],2023
259,LEXUS,IS 350,A-S8,3.5L,6cyl,23,20,28,"$2,650",5,['PR'],2023
260,LEXUS,IS 350 AWD,A-S6,3.5L,6cyl,22,19,26,"$2,800",5,['PR'],2023
261,LEXUS,IS 500,A-S8,5.0L,8cyl,20,17,25,"$3,050",4,['PR'],2023
262,LEXUS,UX 250h,AV-S6,2.0L,4cyl,42,43,41,"$1,150",8,"['HEV', 'SS']",2023
263,LEXUS,UX 250h AWD,AV-S6,2.0L,4cyl,39,41,38,"$1,200",7,"['HEV', 'SS']",2023
264,MAZDA,3 4-Door 2WD,A-S6,2.0L,4cyl,31,28,36,"$1,550",6,[],2023
265,MAZDA,3 4-Door 2WD,A-S6,2.5L,4cyl,31,28,37,"$1,550",6,['CD'],2023
266,MAZDA,3 4-Door 4WD,A-S6,2.5L,4cyl,30,26,35,"$1,600",6,['CD'],2023
267,MAZDA,3 4-Door 4WD,A-S6,2.5L,4cyl,27,23,32,"$1,750",5,['T'],2023
268,MERCEDES-BENZ,AMG C43 4matic,A-9,2.0L,4cyl,22,19,26,"$2,800",5,"['PR', 'T', 'MHEV', 'SS']",2023
269,MERCEDES-BENZ,AMG CLA35 4matic,AM-7,2.0L,4cyl,24,21,29,"$2,550",5,"['PR', 'T', 'SS']",2023
270,MERCEDES-BENZ,AMG CLA45 4matic,AM-8,2.0L,4cyl,23,20,28,"$2,650",5,"['PR', 'T', 'SS']",2023
271,MERCEDES-BENZ,AMG GT 43 4matic Plus,A-9,3.0L,6cyl,21,19,24,"$2,900",4,"['PR', 'MHEV', 'SS']",2023
272,MERCEDES-BENZ,AMG GT 53 4matic Plus,A-9,3.0L,6cyl,21,19,24,"$2,900",4,"['PR', 'MHEV', 'SS']",2023
273,MERCEDES-BENZ,AMG GT 63 4matic Plus,A-9,4.0L,8cyl,17,15,21,"$3,600",3,"['PR', 'T', 'Tax', 'CD', 'SS']",2023
274,MERCEDES-BENZ,AMG GT 63 S 4matic Plus,A-9,4.0L,8cyl,17,15,21,"$3,600",3,"['PR', 'T', 'Tax', 'CD', 'SS']",2023
275,MERCEDES-BENZ,C300,A-9,2.0L,4cyl,29,25,36,"$2,100",6,"['PR', 'T', 'MHEV', 'SS']",2023
276,MERCEDES-BENZ,C300 4matic,A-9,2.0L,4cyl,27,24,33,"$2,250",5,"['PR', 'T', 'MHEV', 'SS']",2023
277,MERCEDES-BENZ,CLA250,AM-7,2.0L,4cyl,29,25,36,"$2,100",6,"['PR', 'T', 'SS']",2023
278,MERCEDES-BENZ,CLA250 4matic,AM-7,2.0L,4cyl,27,24,33,"$2,250",5,"['PR', 'T', 'SS']",2023
279,MERCEDES-BENZ,CLS450 4matic,A-9,3.0L,6cyl,25,22,30,"$2,450",5,"['PR', 'T', 'MHEV', 'SS']",2023
280,MITSUBISHI,Mirage,AV,1.2L,3cyl,39,36,43,"$1,200",7,[],2023
281,MITSUBISHI,Mirage,M-5,1.2L,3cyl,36,33,41,"$1,300",7,[],2023
282,MITSUBISHI,Mirage G4,AV,1.2L,3cyl,37,35,41,"$1,300",7,[],2023
283,MITSUBISHI,Mirage G4,M-5,1.2L,3cyl,35,33,40,"$1,350",7,[],2023
284,NISSAN,Versa,AV,1.6L,4cyl,35,32,40,"$1,350",7,[],2023
285,NISSAN,Versa,M-5,1.6L,4cyl,30,27,35,"$1,600",6,[],2023
286,TOYOTA,Corolla,AV-S10,2.0L,4cyl,35,32,41,"$1,350",7,[],2023
287,TOYOTA,Corolla,AV-S10,2.0L,4cyl,34,31,40,"$1,400",7,['3-Mode'],2023
288,TOYOTA,Corolla Hatchback,AV-S10,2.0L,4cyl,35,32,41,"$1,350",7,[],2023
289,TOYOTA,Corolla Hatchback XSE,AV-S10,2.0L,4cyl,33,30,38,"$1,450",6,[],2023
290,TOYOTA,Corolla Hybrid,AV,1.8L,4cyl,50,53,46,$950,8,"['HEV', 'SS']",2023
291,TOYOTA,Corolla Hybrid,AV,1.8L,4cyl,47,50,43,"$1,000",8,"['S-Mode', 'HEV', 'SS']",2023
292,TOYOTA,Corolla Hybrid AWD,AV,1.8L,4cyl,48,51,44,"$1,000",8,"['HEV', 'SS']",2023
293,TOYOTA,Corolla Hybrid AWD,AV,1.8L,4cyl,44,47,41,"$1,100",8,"['S-Mode', 'HEV', 'SS']",2023
294,VOLKSWAGEN,GLI,AM-S7,2.0L,4cyl,30,26,36,"$1,600",6,"['T', 'SS']",2023
295,VOLKSWAGEN,GLI,M-6,2.0L,4cyl,30,26,37,"$1,600",6,['T'],2023
296,VOLKSWAGEN,Golf-R,AM-S7,2.0L,4cyl,26,23,30,"$2,350",5,"['P', 'T', 'SS']",2023
297,VOLKSWAGEN,Golf-R,M-6,2.0L,4cyl,23,20,28,"$2,650",5,"['P', 'T']",2023
298,VOLKSWAGEN,GTI,AM-S7,2.0L,4cyl,28,24,34,"$1,700",6,"['T', 'SS']",2023
299,VOLKSWAGEN,GTI,M-6,2.0L,4cyl,27,23,32,"$1,750",5,['T'],2023
300,VOLKSWAGEN,Jetta,A-S8,1.5L,4cyl,35,31,41,"$1,350",7,"['T', 'SS']",2023
301,VOLKSWAGEN,Jetta,M-6,1.5L,4cyl,34,29,42,"$1,400",7,['T'],2023
302,VOLKSWAGEN,Jetta Sport/SE/SEL,A-S8,1.5L,4cyl,33,29,40,"$1,450",6,"['T', 'SS']",2023
303,VOLVO,S60 B5,A-S8,2.0L,4cyl,30,26,35,"$2,050",6,"['PR', 'T', 'MHEV', 'SS']",2023
304,VOLVO,S60 B5 AWD,A-S8,2.0L,4cyl,28,25,33,"$2,200",6,"['PR', 'T', 'MHEV', 'SS']",2023
305,ALFA ROMEO,Giulia,A-8,2.0L,4cyl,27,24,33,"$2,250",5,"['P', 'T', 'SS']",2023
306,ALFA ROMEO,Giulia,A-8,2.9L,6cyl,20,17,25,"$3,050",4,"['P', 'T', 'CD', 'SS']",2023
307,ALFA ROMEO,Giulia AWD,A-8,2.0L,4cyl,26,23,31,"$2,350",5,"['P', 'T', 'SS']",2023
308,AUDI,A5 Sportback quattro,AM-S7,2.0L,4cyl,28,24,33,"$2,200",6,"['P', 'T', 'MHEV', 'SS']",2023
309,AUDI,A5 Sportback S-Line quattro,AM-S7,2.0L,4cyl,27,24,32,"$2,250",5,"['P', 'T', 'MHEV', 'SS']",2023
310,AUDI,A6 quattro,AM-S7,2.0L,4cyl,27,24,31,"$2,250",5,"['P', 'T', 'MHEV', 'SS']",2023
311,AUDI,A6 quattro,AM-S7,3.0L,6cyl,24,21,30,"$2,550",5,"['P', 'T', 'MHEV', 'SS']",2023
312,AUDI,A7,AM-S7,3.0L,6cyl,24,21,30,"$2,550",5,"['P', 'T', 'MHEV', 'SS']",2023
313,AUDI,RS 5 Sportback,A-S8,2.9L,6cyl,21,18,25,"$2,900",4,"['P', 'T']",2023
314,AUDI,RS 7,A-S8,4.0L,8cyl,17,14,21,"$3,600",3,"['P', 'T', 'Tax', 'CD', 'MHEV']",2023
315,SS,S5 Sportback,A-S8,3.0L,6cyl,24,21,30,"$2,550",5,"['P', 'T', 'SS']",2023
316,SS,S6,A-S8,2.9L,6cyl,22,19,26,"$2,800",5,"['P', 'T', 'MHEV', 'SS']",2023
317,SS,S7,A-S8,2.9L,6cyl,22,19,26,"$2,800",5,"['P', 'T', 'MHEV', 'SS']",2023
318,BENTLEY,Flying Spur,AM-S8,4.0L,8cyl,17,15,22,"$3,600",3,"['PR', 'T', 'Tax', 'CD', 'SS']",2023
319,BENTLEY,Flying Spur,AM-S8,6.0L,12cyl,15,12,19,"$4,100",2,"['P', 'T', 'Tax', 'CD', 'SS']",2023
320,BMW,530i Sedan,A-S8,2.0L,4cyl,28,25,33,"$2,200",6,"['P', 'T', 'SS']",2023
321,BMW,530i xDrive Sedan,A-S8,2.0L,4cyl,26,23,32,"$2,350",5,"['P', 'T', 'SS']",2023
322,BMW,540i Sedan,A-S8,3.0L,6cyl,27,25,32,"$2,250",5,"['P', 'T', 'MHEV', 'SS']",2023
323,BMW,540i xDrive Sedan,A-S8,3.0L,6cyl,25,22,29,"$2,450",5,"['P', 'T', 'MHEV', 'SS']",2023
324,BMW,840i Gran Coupe,A-S8,3.0L,6cyl,24,21,29,"$2,550",5,"['P', 'T', 'SS']",2023
325,BMW,840i xDrive Gran Coupe,A-S8,3.0L,6cyl,24,21,29,"$2,550",5,"['P', 'T', 'SS']",2023
326,BMW,Alpina B8 Gran Coupe,A-S8,4.4L,8cyl,19,17,24,"$3,200",4,"['P', 'T', 'SS']",2023
327,BMW,M5 Competition Sedan,A-S8,4.4L,8cyl,17,15,21,"$3,600",3,"['P', 'T', 'Tax', 'SS']",2023
328,BMW,M5 Sedan,A-S8,4.4L,8cyl,17,15,21,"$3,600",3,"['P', 'T', 'Tax', 'SS']",2023
329,BMW,M550i xDrive Sedan,A-S8,4.4L,8cyl,20,17,25,"$3,050",4,"['P', 'T', 'SS']",2023
330,BMW,M8 Competition Gran Coupe,A-S8,4.4L,8cyl,17,15,22,"$3,600",3,"['P', 'T', 'Tax', 'SS']",2023
331,BMW,M850i xDrive Gran Coupe,A-S8,4.4L,8cyl,19,17,24,"$3,200",4,"['P', 'T', 'SS']",2023
332,BMW,X2 M35i,A-S8,2.0L,4cyl,27,24,31,"$2,250",5,"['P', 'T', 'SS']",2023
333,BMW,X2 sDrive28i,A-S8,2.0L,4cyl,27,24,32,"$2,250",5,"['P', 'T', 'SS']",2023
334,BMW,X2 xDrive28i,A-S8,2.0L,4cyl,27,24,31,"$2,250",5,"['P', 'T', 'SS']",2023
335,CADILLAC,CT5,A-S10,2.0L,4cyl,27,23,33,"$2,250",5,"['PR', 'T', 'CD', 'SS']",2023
336,CADILLAC,CT5,A-S10,3.0L,6cyl,22,19,27,"$2,800",5,"['PR', 'T', 'CD', 'SS']",2023
337,CADILLAC,CT5 AWD,A-S10,2.0L,4cyl,25,22,30,"$2,450",5,"['PR', 'T', 'CD', 'SS']",2023
338,CADILLAC,CT5 AWD,A-S10,3.0L,6cyl,21,18,26,"$2,900",4,"['PR', 'T', 'CD', 'SS']",2023
339,CADILLAC,CT5 V,A-S10,3.0L,6cyl,21,18,27,"$2,900",4,"['PR', 'T', 'CD', 'SS']",2023
340,CADILLAC,CT5 V,A-S10,6.2L,8cyl,16,13,21,"$3,800",3,"['PR', 'S', 'Tax', 'CD']",2023
341,CADILLAC,CT5 V,M-6,6.2L,8cyl,15,13,21,"$4,100",2,"['PR', 'S', 'Tax']",2023
342,CADILLAC,CT5 V AWD,A-S10,3.0L,6cyl,21,18,26,"$2,900",4,"['PR', 'T', 'CD', 'SS']",2023
343,CHEVROLET,Malibu,AV,1.5L,4cyl,30,27,35,"$1,600",6,"['T', 'SS']",2023
344,DODGE,Challenger,A-8,3.6L,6cyl,23,19,30,"$2,050",5,[],2023
345,DODGE,Challenger,A-8,5.7L,8cyl,19,16,25,"$2,950",4,"['Mid', 'CD']",2023
346,DODGE,Challenger,M-6,5.7L,8cyl,18,15,23,"$3,400",4,['P'],2023
347,DODGE,Challenger,A-8,6.4L,8cyl,18,15,24,"$3,400",4,"['P', 'CD']",2023
348,DODGE,Challenger,M-6,6.4L,8cyl,17,14,23,"$3,600",3,"['P', 'Tax', 'CD']",2023
349,DODGE,Challenger AWD,A-8,3.6L,6cyl,21,18,27,"$2,250",4,[],2023
350,DODGE,Challenger SRT,A-8,6.2L,8cyl,16,13,22,"$3,800",3,"['P', 'S', 'Tax']",2023
351,DODGE,Challenger SRT,M-6,6.2L,8cyl,16,13,21,"$3,800",3,"['P', 'S', 'Tax']",2023
352,DODGE,Challenger SRT Demon 170,A-8,6.2L,8cyl,13,10,17,"$4,700",1,"['Gas', 'P', 'S', 'Tax']",2023
353,DODGE,Challenger SRT Widebody,A-8,6.2L,8cyl,15,13,21,"$4,100",2,"['P', 'S', 'Tax']",2023
354,DODGE,Challenger SRT Widebody,M-6,6.2L,8cyl,16,13,21,"$3,800",3,"['P', 'S', 'Tax']",2023
355,DODGE,Challenger Widebody,A-8,6.4L,8cyl,18,15,24,"$3,400",4,"['P', 'CD']",2023
356,DODGE,Challenger Widebody,M-6,6.4L,8cyl,17,14,23,"$3,600",3,"['P', 'Tax', 'CD']",2023
357,HONDA,Accord Hybrid Sport/Touring,AV,2.0L,4cyl,44,46,41,"$1,100",8,"['HEV', 'SS']",2023
358,HONDA,Civic 4Dr,AV,1.5L,4cyl,36,33,42,"$1,300",7,"['T', 'SS']",2023
359,HONDA,Civic 4Dr,AV-S7,1.5L,4cyl,34,31,38,"$1,400",7,"['T', 'SS']",2023
360,HONDA,Civic 4Dr,M-6,1.5L,4cyl,31,27,37,"$1,950",6,"['P', 'T', 'SS']",2023
361,HONDA,Civic 4Dr,AV,2.0L,4cyl,35,31,40,"$1,350",7,['SS'],2023
362,HONDA,Civic 4Dr,AV-S7,2.0L,4cyl,33,30,37,"$1,450",6,['SS'],2023
363,HYUNDAI,Elantra,AM-S7,1.6L,4cyl,31,28,36,"$1,550",6,['T'],2023
364,HYUNDAI,Elantra,AV-S1,2.0L,4cyl,37,33,42,"$1,300",7,['SS'],2023
365,HYUNDAI,Elantra,AV-S1,2.0L,4cyl,34,30,40,"$1,400",7,[],2023
366,HYUNDAI,Elantra Hybrid,AM-S6,1.6L,4cyl,50,49,52,$950,8,"['HEV', 'SS']",2023
367,HYUNDAI,Elantra Hybrid Blue,AM-S6,1.6L,4cyl,54,53,56,$900,9,"['HEV', 'SS']",2023
368,HYUNDAI,Elantra N,AM-S8,2.0L,4cyl,23,20,30,"$2,650",5,"['P', 'T']",2023
369,HYUNDAI,Elantra N,M-6,2.0L,4cyl,25,22,31,"$2,450",5,"['P', 'T']",2023
370,HYUNDAI,Venue,AV-S1,1.6L,4cyl,31,29,33,"$1,550",6,[],2023
371,INFINITI,Q50,A-S7,3.0L,6cyl,23,20,29,"$2,650",5,"['PR', 'T']",2023
372,INFINITI,Q50 AWD,A-S7,3.0L,6cyl,22,19,27,"$2,800",5,"['PR', 'T']",2023
373,INFINITI,Q50 Red Sport,A-S7,3.0L,6cyl,22,20,26,"$2,800",5,"['PR', 'T']",2023
374,INFINITI,Q50 Red Sport AWD,A-S7,3.0L,6cyl,22,19,26,"$2,800",5,"['PR', 'T']",2023
375,JAGUAR,XF P250,A-S8,2.0L,4cyl,28,25,33,"$2,200",6,"['P', 'T', 'SS']",2023
376,JAGUAR,XF P250 AWD,A-S8,2.0L,4cyl,26,23,32,"$2,350",5,"['P', 'T', 'SS']",2023
377,JAGUAR,XF P300 AWD,A-S8,2.0L,4cyl,25,22,30,"$2,450",5,"['P', 'T', 'SS']",2023
378,KIA,Forte,AM-S7,1.6L,4cyl,30,27,35,"$1,600",6,['T'],2023
379,KIA,Forte,M-6,1.6L,4cyl,26,22,31,"$1,850",5,['T'],2023
380,KIA,Forte,AV,2.0L,4cyl,32,28,39,"$1,500",6,[],2023
381,KIA,Forte FE,AV,2.0L,4cyl,34,30,41,"$1,400",7,[],2023
382,KIA,Stinger AWD,A-S8,2.5L,4cyl,24,21,29,"$2,550",5,"['P', 'T', 'SS']",2023
383,KIA,Stinger AWD,A-S8,3.3L,6cyl,20,17,24,"$3,050",4,"['P', 'T', 'SS']",2023
384,KIA,Stinger RWD,A-S8,2.5L,4cyl,25,22,32,"$2,450",5,"['P', 'T', 'SS']",2023
385,KIA,Stinger RWD,A-S8,3.3L,6cyl,20,18,25,"$3,050",4,"['P', 'T', 'SS']",2023
386,LEXUS,ES 250 AWD,A-S8,2.5L,4cyl,28,25,34,"$1,700",6,[],2023
387,LEXUS,ES 300h,AV-S6,2.5L,4cyl,44,43,44,"$1,100",8,"['HEV', 'SS']",2023
388,LEXUS,ES 350,A-S8,3.5L,6cyl,26,22,32,"$1,850",5,[],2023
389,LEXUS,ES 350 F Sport,A-S8,3.5L,6cyl,25,22,31,"$1,900",5,[],2023
390,LEXUS,LS 500,A-S10,3.4L,6cyl,22,18,29,"$2,800",5,"['PR', 'T']",2023
391,LEXUS,LS 500 AWD,A-S10,3.4L,6cyl,21,17,27,"$2,900",4,"['PR', 'T']",2023
392,LEXUS,LS 500h,AV-S10,3.5L,6cyl,25,22,29,"$2,450",5,"['PR', 'HEV', 'SS']",2023
393,LEXUS,LS 500h AWD,AV-S10,3.5L,6cyl,25,22,29,"$2,450",5,"['PR', 'HEV', 'SS']",2023
394,LEXUS,LS 500h AWD,AV-S10,3.5L,6cyl,25,22,29,"$2,450",5,"['PR', 'HEV', 'SS']",2023
395,MASERATI,Ghibli GT,A-8,3.0L,6cyl,20,18,25,"$3,050",4,"['PR', 'T', 'SS']",2023
396,MASERATI,Ghibli Modena AWD,A-8,3.0L,6cyl,20,17,25,"$3,050",4,"['PR', 'T', 'SS']",2023
397,MASERATI,Ghibli Modena RWD,A-8,3.0L,6cyl,20,18,25,"$3,050",4,"['PR', 'T', 'SS']",2023
398,MASERATI,Ghibli Trofeo,A-8,3.8L,8cyl,16,13,20,"$3,800",3,"['PR', 'T', 'Tax', 'SS']",2023
399,MAZDA,3 5-Door 2WD,A-S6,2.5L,4cyl,30,27,35,"$1,600",6,['CD'],2023
400,MAZDA,3 5-Door 2WD,M-6,2.5L,4cyl,30,26,36,"$1,600",6,['CD'],2023
401,MAZDA,3 5-Door 4WD,A-S6,2.5L,4cyl,29,26,33,"$1,650",6,['CD'],2023
402,MAZDA,3 5-Door 4WD,A-S6,2.5L,4cyl,26,23,31,"$1,850",5,['T'],2023
403,MERCEDES-BENZ,AMG E53 4matic Plus,A-9,3.0L,6cyl,24,21,29,"$2,550",5,"['PR', 'MHEV', 'SS']",2023
404,MERCEDES-BENZ,AMG E63 S 4matic Plus,A-9,4.0L,8cyl,19,16,24,"$3,200",4,"['PR', 'T', 'CD', 'SS']",2023
405,MERCEDES-BENZ,E350,A-9,2.0L,4cyl,26,23,31,"$2,350",5,"['PR', 'T', 'SS']",2023
406,MERCEDES-BENZ,E350 4matic,A-9,2.0L,4cyl,24,21,30,"$2,550",5,"['PR', 'T', 'SS']",2023
407,MERCEDES-BENZ,E450 4matic,A-9,3.0L,6cyl,26,23,31,"$2,350",5,"['PR', 'T', 'MHEV', 'SS']",2023
408,MINI,Cooper Countryman,AM-S7,1.5L,3cyl,28,26,32,"$2,200",6,"['P', 'T', 'SS']",2023
409,MINI,Cooper Countryman All4,A-S8,1.5L,3cyl,26,23,31,"$2,350",5,"['P', 'T', 'SS']",2023
410,MINI,Cooper S Clubman,AM-S7,2.0L,4cyl,29,25,35,"$2,100",6,"['P', 'T']",2023
411,MINI,Cooper S Clubman,M-6,2.0L,4cyl,25,22,32,"$2,450",5,"['P', 'T']",2023
412,MINI,Cooper S Clubman All4,A-S8,2.0L,4cyl,27,23,32,"$2,250",5,"['P', 'T', 'SS']",2023
413,MINI,Cooper S Countryman,AM-S7,2.0L,4cyl,28,24,33,"$2,200",6,"['P', 'T']",2023
414,MINI,Cooper S Countryman All4,A-S8,2.0L,4cyl,26,23,31,"$2,350",5,"['P', 'T', 'SS']",2023
415,MINI,JCW Countryman All4,A-S8,2.0L,4cyl,26,24,30,"$2,350",5,"['P', 'T', 'SS']",2023
416,MINI,John Cooper Works Clubman All4,A-S8,2.0L,4cyl,26,23,31,"$2,350",5,"['P', 'T', 'SS']",2023
417,NISSAN,Altima,AV,2.5L,4cyl,32,27,39,"$1,500",6,[],2023
418,NISSAN,Altima AWD,AV,2.5L,4cyl,30,26,36,"$1,600",6,[],2023
419,NISSAN,Altima SL/SR,AV,2.5L,4cyl,31,27,37,"$1,550",6,[],2023
420,NISSAN,Altima SR,AV-S8,2.0L,4cyl,29,25,34,"$1,650",6,['T'],2023
421,NISSAN,Kicks,AV,1.6L,4cyl,33,31,36,"$1,450",6,[],2023
422,NISSAN,Maxima,AV-S7,3.5L,6cyl,24,20,30,"$2,550",5,['P'],2023
423,NISSAN,Sentra,AV,2.0L,4cyl,33,29,39,"$1,450",6,[],2023
424,NISSAN,Sentra SR,AV,2.0L,4cyl,32,28,37,"$1,500",6,[],2023
425,SUBARU,Impreza 4-Door,AV-S7,2.0L,4cyl,32,28,36,"$1,500",6,[],2023
426,SUBARU,Impreza 4-Door,M-5,2.0L,4cyl,26,23,31,"$1,850",5,[],2023
427,SUBARU,Impreza Sport 4-Door,AV-S7,2.0L,4cyl,30,27,36,"$1,600",6,[],2023
428,SUBARU,WRX,AV-S8,2.4L,4cyl,21,19,25,"$2,900",4,"['P', 'T']",2023
429,SUBARU,WRX,M-6,2.4L,4cyl,22,19,26,"$2,800",5,"['P', 'T']",2023
430,TOYOTA,Camry,A-S8,3.5L,6cyl,26,22,33,"$1,850",5,[],2023
431,TOYOTA,Camry AWD LE/SE,A-S8,2.5L,4cyl,29,25,34,"$1,650",6,[],2023
432,TOYOTA,Camry AWD XLE/XSE,A-S8,2.5L,4cyl,28,25,34,"$1,700",6,[],2023
433,TOYOTA,Camry Hybrid LE,AV-S6,2.5L,4cyl,52,51,53,$900,9,"['HEV', 'SS']",2023
434,TOYOTA,Camry Hybrid SE/XLE/XSE,AV-S6,2.5L,4cyl,46,44,47,"$1,050",8,"['HEV', 'SS']",2023
435,TOYOTA,Camry LE/SE,A-S8,2.5L,4cyl,32,28,39,"$1,500",6,['3-Mode'],2023
436,TOYOTA,Camry LE/SE,A-S8,2.5L,4cyl,32,28,39,"$1,500",6,[],2023
437,TOYOTA,Camry TRD,A-S8,3.5L,6cyl,25,22,31,"$1,900",5,[],2023
438,TOYOTA,Camry XLE/XSE,A-S8,2.5L,4cyl,31,27,38,"$1,550",6,[],2023
439,TOYOTA,Camry XSE,A-S8,3.5L,6cyl,26,22,32,"$1,850",5,[],2023
440,TOYOTA,Crown AWD,AV-S6,2.4L,4cyl,30,29,32,"$1,600",6,"['T', 'HEV', 'SS']",2023
441,TOYOTA,Crown AWD,AV,2.5L,4cyl,41,42,41,"$1,150",8,"['HEV', 'SS']",2023
442,TOYOTA,Prius,AV,2.0L,4cyl,57,57,56,$850,9,"['HEV', 'SS']",2023
443,TOYOTA,Prius AWD,AV,2.0L,4cyl,54,53,54,$900,9,"['PT4', 'HEV', 'SS']",2023
444,TOYOTA,Prius AWD XLE/LTD,AV,2.0L,4cyl,49,49,50,$950,8,"['PT4', 'HEV', 'SS']",2023
445,TOYOTA,Prius XLE/LTD,AV,2.0L,4cyl,52,52,52,$900,9,"['HEV', 'SS']",2023
446,VOLVO,S90 B6 AWD,A-S8,2.0L,4cyl,26,23,32,"$2,350",5,"['PR', 'T', 'S', 'MHEV', 'SS']",2023
447,ACURA,Integra,AV-S7,1.5L,4cyl,33,30,37,"$1,850",6,"['P', 'T', 'SS']",2023
448,ACURA,Integra A-Spec,AV-S7,1.5L,4cyl,32,29,36,"$1,900",6,"['P', 'T', 'SS']",2023
449,ACURA,Integra A-Spec,M-6,1.5L,4cyl,30,26,36,"$2,050",6,"['P', 'T', 'SS']",2023
450,AUDI,A8 L,A-S8,3.0L,6cyl,22,19,28,"$2,800",5,"['P', 'T', 'MHEV', 'SS']",2023
451,AUDI,S8,A-S8,4.0L,8cyl,18,15,23,"$3,400",4,"['P', 'T', 'CD', 'MHEV', 'SS']",2023
452,BMW,740i Sedan,A-S8,3.0L,6cyl,27,25,31,"$2,250",5,"['P', 'T', 'MHEV', 'SS']",2023
453,BMW,760i xDrive Sedan,A-S8,4.4L,8cyl,21,18,26,"$2,900",4,"['P', 'T', 'MHEV', 'SS']",2023
454,CHRYSLER,300,A-8,3.6L,6cyl,23,19,30,"$2,050",5,[],2023
455,CHRYSLER,300,A-8,5.7L,8cyl,19,16,25,"$2,950",4,"['Mid', 'CD']",2023
456,CHRYSLER,300,A-8,6.4L,8cyl,18,15,24,"$3,400",4,"['P', 'CD']",2023
457,CHRYSLER,300 AWD,A-8,3.6L,6cyl,21,18,27,"$2,250",4,[],2023
458,DODGE,Charger,A-8,3.6L,6cyl,23,19,30,"$2,050",5,[],2023
459,DODGE,Charger,A-8,5.7L,8cyl,19,16,25,"$2,950",4,"['Mid', 'CD']",2023
460,DODGE,Charger,A-8,6.4L,8cyl,18,15,24,"$3,400",4,"['P', 'CD']",2023
461,DODGE,Charger AWD,A-8,3.6L,6cyl,21,18,27,"$2,250",4,[],2023
462,DODGE,Charger SRT Widebody,A-8,6.2L,8cyl,15,12,21,"$4,100",2,"['P', 'S', 'Tax']",2023
463,DODGE,Charger Widebody,A-8,6.4L,8cyl,18,15,24,"$3,400",4,"['P', 'CD']",2023
464,GENESIS,G80 AWD,A-S8,2.5L,4cyl,25,22,30,"$2,450",5,"['P', 'T', 'SS']",2023
465,GENESIS,G80 AWD,A-S8,3.5L,6cyl,19,16,25,"$3,200",4,"['P', 'T', 'SS']",2023
466,GENESIS,G80 RWD,A-S8,2.5L,4cyl,26,22,32,"$2,350",5,"['P', 'T', 'SS']",2023
467,GENESIS,G90 AWD,A-S8,3.5L,6cyl,21,18,26,"$2,900",4,"['P', 'T', 'SS']",2023
468,GENESIS,G90 MHEV,A-S8,3.5L,6cyl,20,17,24,"$3,050",4,"['P', 'MHEV', 'SS']",2023
469,HONDA,Accord,AV,1.5L,4cyl,32,29,37,"$1,500",6,"['T', 'SS']",2023
470,HONDA,Accord Hybrid,AV,2.0L,4cyl,48,51,44,"$1,000",8,"['HEV', 'SS']",2023
471,HONDA,Civic 5Dr,AV,1.5L,4cyl,35,31,39,"$1,350",7,"['T', 'SS']",2023
472,HONDA,Civic 5Dr,AV-S7,1.5L,4cyl,33,30,37,"$1,450",6,"['T', 'SS']",2023
473,HONDA,Civic 5Dr,M-6,1.5L,4cyl,31,28,37,"$1,550",6,"['T', 'SS']",2023
474,HONDA,Civic 5Dr,AV,2.0L,4cyl,33,30,38,"$1,450",6,['SS'],2023
475,HONDA,Civic 5Dr,AV-S7,2.0L,4cyl,32,29,37,"$1,500",6,['SS'],2023
476,HONDA,Civic 5Dr,M-6,2.0L,4cyl,29,26,36,"$1,650",6,['SS'],2023
477,HONDA,Civic 5Dr,M-6,2.0L,4cyl,24,22,28,"$2,550",5,"['P', 'T']",2023
478,HYUNDAI,Sonata,A-S8,1.6L,4cyl,31,27,37,"$1,550",6,['T'],2023
479,HYUNDAI,Sonata,A-S8,2.5L,4cyl,32,28,38,"$1,500",6,['SS'],2023
480,HYUNDAI,Sonata,A-S8,2.5L,4cyl,31,27,37,"$1,550",6,[],2023
481,HYUNDAI,Sonata,AM-S8,2.5L,4cyl,27,23,33,"$1,750",5,['T'],2023
482,HYUNDAI,Sonata Hybrid,AM-S6,2.0L,4cyl,47,45,51,"$1,000",8,"['HEV', 'SS']",2023
483,HYUNDAI,Sonata Hybrid Blue,AM-S6,2.0L,4cyl,52,50,54,$900,9,"['HEV', 'SS']",2023
484,KIA,K5,A-S8,1.6L,4cyl,31,27,37,"$1,550",6,['T'],2023
485,KIA,K5,AM-S8,2.5L,4cyl,27,24,32,"$1,750",5,['T'],2023
486,KIA,K5 AWD,A-S8,1.6L,4cyl,28,25,33,"$1,700",6,['T'],2023
487,MASERATI,Quattroporte GT,A-8,3.0L,6cyl,19,16,25,"$3,200",4,"['PR', 'T', 'SS']",2023
488,MASERATI,Quattroporte Modena AWD,A-8,3.0L,6cyl,20,17,25,"$3,050",4,"['PR', 'T', 'SS']",2023
489,MASERATI,Quattroporte Modena RWD,A-8,3.0L,6cyl,19,16,25,"$3,200",4,"['PR', 'T', 'SS']",2023
490,MASERATI,Quattroporte Trofeo,A-8,3.8L,8cyl,16,13,20,"$3,800",3,"['PR', 'T', 'Tax', 'SS']",2023
491,MERCEDES-BENZ,Maybach S680 4matic,A-9,6.0L,12cyl,14,12,20,"$4,350",2,"['PR', 'T', 'Tax', 'SS']",2023
492,MERCEDES-BENZ,S500 4matic,A-9,3.0L,6cyl,23,20,28,"$2,650",5,"['PR', 'MHEV', 'SS']",2023
493,MERCEDES-BENZ,S580 4matic,A-9,4.0L,8cyl,19,16,25,"$3,200",4,"['PR', 'T', 'MHEV', 'SS']",2023
494,MERCEDES-BENZ,S580 4matic Maybach,A-9,4.0L,8cyl,18,15,25,"$3,400",4,"['PR', 'T', 'MHEV', 'SS']",2023
495,PORSCHE,Panamera,AM-S8,2.9L,6cyl,20,18,24,"$3,050",4,"['PR', 'T', 'SS']",2023
496,PORSCHE,Panamera 4,AM-S8,2.9L,6cyl,20,18,24,"$3,050",4,"['PR', 'T', 'SS']",2023
497,PORSCHE,Panamera 4 Executive,AM-S8,2.9L,6cyl,19,17,23,"$3,200",4,"['PR', 'T', 'SS']",2023
498,PORSCHE,Panamera 4 ST,AM-S8,2.9L,6cyl,20,18,23,"$3,050",4,"['PR', 'T', 'SS']",2023
499,PORSCHE,Panamera 4S,AM-S8,2.9L,6cyl,20,18,24,"$3,050",4,"['PR', 'T', 'SS']",2023
500,PORSCHE,Panamera 4S Executive,AM-S8,2.9L,6cyl,19,17,23,"$3,200",4,"['PR', 'T', 'SS']",2023
501,PORSCHE,Panamera 4S ST,AM-S8,2.9L,6cyl,19,17,23,"$3,200",4,"['PR', 'T', 'SS']",2023
502,PORSCHE,Panamera GTS,AM-S8,4.0L,8cyl,17,15,21,"$3,600",3,"['PR', 'T', 'CD', 'SS']",2023
503,PORSCHE,Panamera GTS ST,AM-S8,4.0L,8cyl,17,15,20,"$3,600",3,"['PR', 'T', 'CD', 'SS']",2023
504,PORSCHE,Panamera Turbo S,AM-S8,4.0L,8cyl,17,15,21,"$3,600",3,"['PR', 'T', 'CD', 'SS']",2023
505,PORSCHE,Panamera Turbo S Executive,AM-S8,4.0L,8cyl,17,15,21,"$3,600",3,"['PR', 'T', 'CD', 'SS']",2023
506,PORSCHE,Panamera Turbo S ST,AM-S8,4.0L,8cyl,17,15,21,"$3,600",3,"['PR', 'T', 'CD', 'SS']",2023
507,ROLLS-ROYCE,Ghost,A-S8,6.7L,12cyl,14,12,19,"$4,350",2,"['P', 'T', 'Tax']",2023
508,ROLLS-ROYCE,Ghost Black Badge,A-S8,6.7L,12cyl,14,12,19,"$4,350",2,"['P', 'T', 'Tax']",2023
509,ROLLS-ROYCE,Ghost Extended,A-S8,6.7L,12cyl,14,12,19,"$4,350",2,"['P', 'T', 'Tax']",2023
510,ROLLS-ROYCE,Phantom,A-S8,6.7L,12cyl,14,12,18,"$4,350",2,"['P', 'T', 'Tax']",2023
511,ROLLS-ROYCE,Phantom Extended,A-S8,6.7L,12cyl,14,12,18,"$4,350",2,"['P', 'T', 'Tax']",2023
512,SUBARU,Legacy AWD,AV-S8,2.4L,4cyl,26,23,31,"$1,850",5,"['T', 'SS']",2023
513,SUBARU,Legacy AWD,AV-S8,2.5L,4cyl,30,27,35,"$1,600",6,['SS'],2023
514,VOLKSWAGEN,Arteon,AM-S7,2.0L,4cyl,28,25,33,"$2,200",6,"['P', 'T', 'SS']",2023
515,VOLKSWAGEN,Arteon 4motion,AM-S7,2.0L,4cyl,25,22,31,"$2,450",5,"['P', 'T', 'SS']",2023
516,AUDI,A4 allroad quattro,AM-S7,2.0L,4cyl,26,23,30,"$2,350",5,"['P', 'T', 'MHEV', 'SS']",2023
517,HONDA,HR-V AWD,AV,2.0L,4cyl,27,25,30,"$1,750",5,[],2023
518,HONDA,HR-V FWD,AV,2.0L,4cyl,28,26,32,"$1,700",6,[],2023
519,KIA,Niro,AM-S6,1.6L,4cyl,49,53,45,$950,8,"['HEV', 'SS']",2023
520,KIA,Niro FE,AM-S6,1.6L,4cyl,53,53,54,$900,9,"['HEV', 'SS']",2023
521,KIA,Soul,AV,2.0L,4cyl,30,28,33,"$1,600",6,['SS'],2023
522,KIA,Soul Eco dynamics,AV,2.0L,4cyl,31,29,35,"$1,550",6,['SS'],2023
523,LAMBORGHINI,Urus Performante,A-S8,4.0L,8cyl,16,14,19,"$3,800",3,"['P', 'T', 'Tax', 'CD', 'SS']",2023
524,MERCEDES-BENZ,AMG GLA35 4matic,AM-8,2.0L,4cyl,25,22,29,"$2,450",5,"['PR', 'T', 'SS']",2023
525,MERCEDES-BENZ,AMG GLA45 4matic,AM-8,2.0L,4cyl,22,20,25,"$2,800",5,"['PR', 'T', 'SS']",2023
526,SUBARU,Impreza 5-Door,AV-S7,2.0L,4cyl,31,28,36,"$1,550",6,[],2023
527,SUBARU,Impreza 5-Door,M-5,2.0L,4cyl,26,24,31,"$1,850",5,[],2023
528,SUBARU,Impreza Sport 5-Door,AV-S7,2.0L,4cyl,30,27,35,"$1,600",6,[],2023
529,SUBARU,Impreza Sport 5-Door,M-5,2.0L,4cyl,25,22,30,"$1,900",5,[],2023
530,SUBARU,V60CC B5 AWD,A-S8,2.0L,4cyl,26,23,30,"$2,350",5,"['PR', 'T', 'MHEV', 'SS']",2023
531,AUDI,A6 Allroad,AM-S7,3.0L,6cyl,24,21,30,"$2,550",5,"['P', 'T', 'MHEV', 'SS']",2023
532,AUDI,RS 6 Avant,A-S8,4.0L,8cyl,17,14,21,"$3,600",3,"['P', 'T', 'Tax', 'CD', 'MHEV']",2023
533,MERCEDES-BENZ,AMG E63 S 4matic Plus (SW),A-9,4.0L,8cyl,19,16,24,"$3,200",4,"['PR', 'T', 'CD', 'SS']",2023
534,MERCEDES-BENZ,AMG GLB35 4matic,AM-8,2.0L,4cyl,23,21,27,"$2,650",5,"['PR', 'T', 'SS']",2023
535,MERCEDES-BENZ,E450 4matic All-Terrain (wagon),A-9,3.0L,6cyl,24,21,28,"$2,550",5,"['PR', 'T', 'MHEV', 'SS']",2023
536,NISSAN,Murano AWD,AV-S7,3.5L,6cyl,23,20,28,"$2,050",5,[],2023
537,NISSAN,Murano FWD,AV-S7,3.5L,6cyl,23,20,28,"$2,050",5,[],2023
538,ROLLS-ROYCE,Cullinan,A-S8,6.7L,12cyl,14,12,19,"$4,350",2,"['P', 'T', 'Tax']",2023
539,ROLLS-ROYCE,Cullinan Black Badge,A-S8,6.7L,12cyl,14,12,19,"$4,350",2,"['P', 'T', 'Tax']",2023
540,VOLVO,V90CC B6 AWD,A-S8,2.0L,4cyl,25,22,29,"$2,450",5,"['PR', 'T', 'S', 'MHEV', 'SS']",2023
541,CHEVROLET,Colorado 2WD,A-8,2.7L,4cyl,22,20,25,"$2,150",5,"['T', 'CD', 'SS']",2023
542,CHEVROLET,Colorado 2WD,A-8,2.7L,4cyl,20,18,23,"$2,400",4,"['T', 'CD', 'SS']",2023
543,FORD,Maverick FWD,A-8,2.0L,4cyl,25,23,30,"$1,900",5,"['T', 'SS']",2023
544,FORD,Maverick HEV FWD,AV,2.5L,4cyl,37,40,33,"$1,300",7,"['HEV', 'SS']",2023
545,GMC,Canyon 2WD,A-8,2.7L,4cyl,20,18,23,"$2,400",4,"['T', 'CD', 'SS']",2023
546,TOYOTA,Tacoma 2WD,A-S6,2.7L,4cyl,21,20,23,"$2,250",4,[],2023
547,TOYOTA,Tacoma 2WD,A-S6,3.5L,6cyl,21,19,24,"$2,250",4,[],2023
548,CHEVROLET,Colorado 4WD,A-8,2.7L,4cyl,21,19,23,"$2,250",4,"['T', 'CD', 'SS']",2023
549,CHEVROLET,Colorado 4WD,A-8,2.7L,4cyl,19,17,21,"$2,500",4,"['T', 'CD', 'SS']",2023
550,CHEVROLET,Colorado Mud Terrain Tires 4WD,A-8,2.7L,4cyl,18,17,19,"$2,650",4,"['T', 'CD', 'SS']",2023
551,CHEVROLET,Colorado ZR2 4WD,A-8,2.7L,4cyl,16,16,16,"$2,950",3,"['T', 'CD', 'SS']",2023
552,FORD,Maverick AWD,A-8,2.0L,4cyl,24,22,28,"$2,000",5,"['T', 'SS']",2023
553,FORD,Maverick Tremor AWD,A-8,2.0L,4cyl,21,20,24,"$2,250",4,"['T', 'SS']",2023
554,GMC,Canyon 4WD,A-8,2.7L,4cyl,19,17,21,"$2,500",4,"['T', 'CD', 'SS']",2023
555,GMC,Canyon AT4X 4WD,A-8,2.7L,4cyl,16,16,16,"$2,950",3,"['T', 'CD', 'SS']",2023
556,GMC,Canyon Mud Terrain Tires 4WD,A-8,2.7L,4cyl,18,17,20,"$2,650",4,"['T', 'CD', 'SS']",2023
557,TOYOTA,Tacoma 4WD,A-S6,2.7L,4cyl,20,19,22,"$2,400",4,['PT4'],2023
558,TOYOTA,Tacoma 4WD,A-S6,3.5L,6cyl,20,18,22,"$2,400",4,['PT4'],2023
559,TOYOTA,Tacoma 4WD,M-6,3.5L,6cyl,18,17,21,"$2,650",4,['PT4'],2023
560,TOYOTA,Tacoma 4WD D-CAB MT TRD-ORP/PRO,M-6,3.5L,6cyl,18,17,20,"$2,650",4,['PT4'],2023
561,CHEVROLET,Silverado 2WD,A-8,2.7L,4cyl,20,19,22,"$2,400",4,"['T', 'CD', 'SS']",2023
562,CHEVROLET,Silverado 2WD,A-8,2.7L,4cyl,20,19,21,"$2,400",4,"['T', 'CD', 'S-Mode', 'SS']",2023
563,CHEVROLET,Silverado 2WD,A-10,3.0L,6cyl,26,24,29,"$2,100",5,"['D', 'T', 'SS']",2023
564,CHEVROLET,Silverado 2WD,A-10,5.3L,8cyl,19,17,21,"$2,500",4,"['CD', 'S-Mode', 'SS']",2023
565,CHEVROLET,Silverado 2WD,A-10,5.3L,8cyl,19,17,21,"$2,500",4,"['CD', 'SS']",2023
566,CHEVROLET,Silverado 2WD,A-10,5.3L,8cyl,18,16,20,"$2,650",4,['CD'],2023
567,CHEVROLET,Silverado 2WD,A-10,5.3L,8cyl,18,16,20,"$2,650",4,"['Gas', 'CD']",2023
568,FORD,F150 Pickup 2WD,A-S10,2.7L,6cyl,22,20,26,"$2,150",5,"['T', 'SS']",2023
569,FORD,F150 Pickup 2WD,A-S10,2.7L,6cyl,21,18,25,"$2,250",4,"['T', 'SS']",2023
570,FORD,F150 Pickup 2WD,A-S10,3.5L,6cyl,21,18,24,"$2,250",4,"['T', 'SS']",2023
571,FORD,F150 Pickup 2WD FFV,A-S10,3.3L,6cyl,21,19,24,"$2,250",4,"['Gas', 'SS']",2023
572,FORD,F150 Pickup 2WD FFV,A-S10,3.3L,6cyl,20,19,23,"$2,400",4,['Gas'],2023
573,FORD,F150 Pickup 2WD FFV,A-S10,5.0L,8cyl,20,17,25,"$2,400",4,"['Gas', 'SS']",2023
574,FORD,F150 Pickup 2WD FFV,A-S10,5.0L,8cyl,19,17,24,"$2,500",4,['Gas'],2023
575,FORD,F150 Pickup 2WD HEV,A-S10,3.5L,6cyl,25,25,25,"$1,900",5,"['T', 'HEV', 'SS']",2023
576,FORD,Ranger 2WD,A-S10,2.3L,4cyl,23,21,26,"$2,050",5,"['T', 'SS']",2023
577,FORD,Ranger 2WD,A-S10,2.3L,4cyl,22,20,26,"$2,150",5,['T'],2023
578,GMC,Sierra 2WD,A-8,2.7L,4cyl,20,19,22,"$2,400",4,"['T', 'CD', 'SS']",2023
579,GMC,Sierra 2WD,A-8,2.7L,4cyl,20,19,21,"$2,400",4,"['T', 'CD', 'S-Mode', 'SS']",2023
580,GMC,Sierra 2WD,A-10,3.0L,6cyl,26,24,29,"$2,100",5,"['D', 'T', 'SS']",2023
581,GMC,Sierra 2WD,A-10,5.3L,8cyl,18,16,21,"$2,650",4,"['CD', 'S-Mode', 'SS']",2023
582,GMC,Sierra 2WD,A-10,5.3L,8cyl,18,16,21,"$2,650",4,"['CD', 'SS']",2023
583,GMC,Sierra 2WD,A-10,5.3L,8cyl,18,16,20,"$2,650",4,['CD'],2023
584,GMC,Sierra 2WD,A-10,5.3L,8cyl,18,16,20,"$2,650",4,"['Gas', 'CD']",2023
585,NISSAN,Frontier 2WD,A-S9,3.8L,6cyl,20,18,24,"$2,400",4,[],2023
586,NISSAN,Frontier 2WD,A-S9,3.8L,6cyl,21,18,24,"$2,250",4,['SS'],2023
587,NISSAN,Titan 2WD,A-S9,5.6L,8cyl,18,16,21,"$3,400",4,['P'],2023
588,RAM,1500 2WD,A-8,3.6L,6cyl,22,20,25,"$2,150",5,"['MHEV', 'SS']",2023
589,RAM,1500 2WD,A-8,5.7L,8cyl,20,18,23,"$2,800",4,"['Mid', 'CD', 'MHEV', 'SS']",2023
590,RAM,1500 2WD,A-8,5.7L,8cyl,17,15,22,"$3,300",3,"['Mid', 'CD']",2023
591,RAM,1500 Classic 2WD,A-8,3.6L,6cyl,20,17,25,"$2,400",4,[],2023
592,RAM,1500 Classic 2WD,A-8,5.7L,8cyl,17,15,21,"$3,300",3,"['Mid', 'CD']",2023
593,RAM,1500 HFE 2WD,A-8,3.6L,6cyl,23,20,26,"$2,050",5,"['MHEV', 'SS']",2023
594,TOYOTA,Tundra 2WD,A-S10,3.4L,6cyl,20,18,24,"$2,400",4,"['T', 'SS']",2023
595,TOYOTA,Tundra 2WD,A-S10,3.4L,6cyl,22,20,24,"$2,150",5,"['T', 'HEV', 'SS']",2023
596,TOYOTA,Tundra 2WD,A-S10,3.4L,6cyl,20,18,23,"$2,400",4,"['T', '3-Mode', 'SS']",2023
597,CHEVROLET,Silverado 4WD,A-8,2.7L,4cyl,19,18,21,"$2,500",4,"['T', 'CD', 'S-Mode', 'SS']",2023
598,CHEVROLET,Silverado 4WD,A-8,2.7L,4cyl,19,18,21,"$2,500",4,"['T', 'CD', 'SS']",2023
599,CHEVROLET,Silverado 4WD,A-10,3.0L,6cyl,24,22,27,"$2,250",4,"['D', 'T', 'SS']",2023
600,CHEVROLET,Silverado 4WD,A-10,3.0L,6cyl,24,22,27,"$2,250",4,"['D', 'T', 'SS']",2023
601,CHEVROLET,Silverado 4WD,A-10,5.3L,8cyl,17,16,20,"$2,800",3,"['CD', 'S-Mode', 'SS']",2023
602,CHEVROLET,Silverado 4WD,A-10,5.3L,8cyl,17,16,20,"$2,800",3,"['CD', 'SS']",2023
603,CHEVROLET,Silverado 4WD,A-10,5.3L,8cyl,17,15,19,"$2,800",3,['CD'],2023
604,CHEVROLET,Silverado 4WD,A-10,5.3L,8cyl,17,15,19,"$2,800",3,"['Gas', 'CD']",2023
605,CHEVROLET,Silverado 4WD,A-10,6.2L,8cyl,17,16,20,"$3,600",3,"['P', 'CD', 'SS']",2023
606,CHEVROLET,Silverado 4WD ZR2,A-10,6.2L,8cyl,15,14,17,"$4,100",2,"['P', 'CD', 'SS']",2023
607,CHEVROLET,Silverado Mud Terrain Tires 4WD,A-8,2.7L,4cyl,17,17,18,"$2,800",3,"['T', 'CD', 'SS']",2023
608,CHEVROLET,Silverado Mud Terrain Tires 4WD,A-10,3.0L,6cyl,22,21,23,"$2,500",4,"['D', 'T', 'SS']",2023
609,CHEVROLET,Silverado Mud Terrain Tires 4WD,A-10,5.3L,8cyl,16,15,19,"$2,950",3,['CD'],2023
610,CHEVROLET,Silverado Mud Terrain Tires 4WD,A-10,5.3L,8cyl,17,15,19,"$2,800",3,"['Gas', 'CD']",2023
611,CHEVROLET,Silverado Mud Terrain Tires 4WD,A-10,5.3L,8cyl,16,15,18,"$2,950",3,"['CD', 'SS']",2023
612,CHEVROLET,Silverado Mud Terrain Tires 4WD,A-10,6.2L,8cyl,16,14,18,"$3,800",3,"['P', 'CD', 'SS']",2023
613,FORD,F150 Pickup 4WD,A-S10,2.7L,6cyl,20,18,24,"$2,400",4,"['T', 'PT4', 'SS']",2023
614,FORD,F150 Pickup 4WD,A-S10,2.7L,6cyl,20,17,23,"$2,400",4,"['T', 'PT4']",2023
615,FORD,F150 Pickup 4WD,A-S10,3.5L,6cyl,20,18,23,"$2,400",4,"['T', 'PT4', 'SS']",2023
616,FORD,F150 Pickup 4WD,A-S10,3.5L,6cyl,19,17,23,"$2,500",4,"['T', 'PT4']",2023
617,FORD,F150 Pickup 4WD FFV,A-S10,3.3L,6cyl,20,19,22,"$2,400",4,"['Gas', 'PT4', 'SS']",2023
618,FORD,F150 Pickup 4WD FFV,A-S10,5.0L,8cyl,19,17,22,"$2,500",4,"['Gas', 'PT4', 'SS']",2023
619,FORD,F150 Pickup 4WD FFV,A-S10,5.0L,8cyl,18,16,22,"$2,650",4,"['Gas', 'PT4']",2023
620,FORD,F150 Pickup 4WD HEV,A-S10,3.5L,6cyl,23,23,23,"$2,050",5,"['T', 'PT4', 'HEV', 'SS']",2023
621,FORD,F150 Pickup Tremor 4WD,A-S10,3.5L,6cyl,18,16,20,"$2,650",4,"['T', 'PT4']",2023
622,FORD,F150 Pickup Tremor 4WD,A-S10,3.5L,6cyl,18,16,20,"$2,650",4,"['T', 'PT4', 'SS']",2023
623,FORD,F150 Pickup Tremor 4WD FFV,A-S10,5.0L,8cyl,17,15,20,"$2,800",3,"['Gas', 'PT4', 'SS']",2023
624,FORD,F150 Pickup Tremor 4WD FFV,A-S10,5.0L,8cyl,17,15,20,"$2,800",3,"['Gas', 'PT4']",2023
625,FORD,F150 RAPTOR 37 4WD,A-S10,3.5L,6cyl,15,15,16,"$3,150",2,"['T', 'PT4', 'SS']",2023
626,FORD,F150 RAPTOR 37 4WD,A-S10,3.5L,6cyl,15,14,16,"$3,150",2,"['T', 'PT4']",2023
627,FORD,F150 RAPTOR 4WD,A-S10,3.5L,6cyl,16,15,18,"$2,950",3,"['T', 'PT4', 'SS']",2023
628,FORD,F150 RAPTOR 4WD,A-S10,3.5L,6cyl,15,14,18,"$3,150",2,"['T', 'PT4']",2023
629,FORD,F150 RAPTOR R 4WD,A-S10,5.2L,8cyl,12,10,15,"$3,950",1,"['S', 'PT4']",2023
630,FORD,Ranger 4WD,A-S10,2.3L,4cyl,22,20,24,"$2,150",5,"['T', 'PT4', 'SS']",2023
631,FORD,Ranger 4WD,A-S10,2.3L,4cyl,21,19,24,"$2,250",4,"['T', 'PT4']",2023
632,FORD,Ranger Tremor 4WD,A-S10,2.3L,4cyl,19,19,19,"$2,500",4,"['T', 'PT4', 'SS']",2023
633,GMC,Sierra 4WD,A-8,2.7L,4cyl,19,18,20,"$2,500",4,"['T', 'CD', 'S-Mode', 'SS']",2023
634,GMC,Sierra 4WD,A-8,2.7L,4cyl,19,18,20,"$2,500",4,"['T', 'CD', 'SS']",2023
635,GMC,Sierra 4WD,A-10,3.0L,6cyl,24,22,27,"$2,250",4,"['D', 'T', 'SS']",2023
636,GMC,Sierra 4WD,A-10,5.3L,8cyl,17,16,20,"$2,800",3,"['CD', 'S-Mode', 'SS']",2023
637,GMC,Sierra 4WD,A-10,5.3L,8cyl,17,16,20,"$2,800",3,"['CD', 'SS']",2023
638,GMC,Sierra 4WD,A-10,5.3L,8cyl,17,15,19,"$2,800",3,['CD'],2023
639,GMC,Sierra 4WD,A-10,5.3L,8cyl,17,15,19,"$2,800",3,"['Gas', 'CD']",2023
640,GMC,Sierra 4WD,A-10,6.2L,8cyl,17,15,19,"$3,600",3,"['P', 'CD', 'SS']",2023
641,GMC,Sierra 4WD AT4X,A-10,6.2L,8cyl,15,14,17,"$4,100",2,"['P', 'CD', 'SS']",2023
642,GMC,Sierra Mud Terrain Tires 4WD,A-8,2.7L,4cyl,17,17,18,"$2,800",3,"['T', 'CD', 'SS']",2023
643,GMC,Sierra Mud Terrain Tires 4WD,A-10,3.0L,6cyl,22,21,23,"$2,500",4,"['D', 'T', 'SS']",2023
644,GMC,Sierra Mud Terrain Tires 4WD,A-10,5.3L,8cyl,16,15,19,"$2,950",3,['CD'],2023
645,GMC,Sierra Mud Terrain Tires 4WD,A-10,5.3L,8cyl,17,15,19,"$2,800",3,"['Gas', 'CD']",2023
646,GMC,Sierra Mud Terrain Tires 4WD,A-10,5.3L,8cyl,16,15,18,"$2,950",3,"['CD', 'SS']",2023
647,GMC,Sierra Mud Terrain Tires 4WD,A-10,6.2L,8cyl,15,14,17,"$4,100",2,"['P', 'CD', 'SS']",2023
648,HONDA,Ridgeline AWD,A-S9,3.5L,6cyl,21,18,24,"$2,250",4,"['CD', 'SS']",2023
649,JEEP,Gladiator 4WD,A-8,3.6L,6cyl,19,17,22,"$2,500",4,['SS'],2023
650,JEEP,Gladiator 4WD,M-6,3.6L,6cyl,19,16,23,"$2,500",4,['SS'],2023
651,JEEP,Gladiator EcoDiesel 4WD,A-8,3.0L,6cyl,24,22,28,"$2,250",4,"['D', 'T', 'SS']",2023
652,JEEP,Gladiator Rubic EcoDiesel 4WD,A-8,3.0L,6cyl,24,21,27,"$2,250",4,"['D', 'T', 'SS']",2023
653,NISSAN,Frontier 4WD,A-S9,3.8L,6cyl,20,18,23,"$2,400",4,"['PT4', 'SS']",2023
654,NISSAN,Frontier 4WD,A-S9,3.8L,6cyl,19,17,22,"$2,500",4,['PT4'],2023
655,NISSAN,Frontier 4WD PRO4X,A-S9,3.8L,6cyl,19,18,22,"$2,500",4,"['PT4', 'SS']",2023
656,NISSAN,Frontier 4WD PRO4X,A-S9,3.8L,6cyl,19,17,22,"$2,500",4,['PT4'],2023
657,NISSAN,Titan 4WD,A-S9,5.6L,8cyl,18,15,21,"$3,400",4,"['P', 'PT4']",2023
658,NISSAN,Titan 4WD PRO4X,A-S9,5.6L,8cyl,17,15,20,"$3,600",3,"['P', 'PT4']",2023
659,RAM,1500 4WD,A-8,3.0L,6cyl,24,21,29,"$2,250",4,"['D', 'T']",2023
660,RAM,1500 4WD,A-8,3.6L,6cyl,21,19,24,"$2,250",4,"['MHEV', 'SS']",2023
661,RAM,1500 4WD,A-8,5.7L,8cyl,19,17,22,"$2,950",4,"['Mid', 'CD', 'MHEV', 'SS']",2023
662,RAM,1500 4WD,A-8,5.7L,8cyl,17,15,21,"$3,300",3,"['Mid', 'CD']",2023
663,RAM,1500 Classic 4WD,A-8,3.6L,6cyl,19,16,23,"$2,500",4,[],2023
664,RAM,1500 Classic 4WD,A-8,5.7L,8cyl,17,15,20,"$3,300",3,"['Mid', 'CD']",2023
665,RAM,1500 TRX 4WD,A-8,6.2L,8cyl,12,10,14,"$5,100",1,"['P', 'S']",2023
666,TOYOTA,Tundra 4WD,A-S10,3.4L,6cyl,19,17,23,"$2,500",4,"['T', 'PT4', 'SS']",2023
667,TOYOTA,Tundra 4WD,A-S10,3.4L,6cyl,19,17,22,"$2,500",4,"['T', 'PT4', '3-Mode', 'SS']",2023
668,TOYOTA,Tundra 4WD,A-S10,3.4L,6cyl,20,19,22,"$2,400",4,"['T', 'PT4', 'HEV', 'SS']",2023
669,TOYOTA,Tundra 4WD PRO,A-S10,3.4L,6cyl,19,18,20,"$2,500",4,"['T', 'PT4', 'HEV', 'SS']",2023
670,CADILLAC,XT5 Hearse FWD,A-S9,2.0L,4cyl,21,20,23,"$2,900",4,"['PR', 'T', 'CD', 'SS']",2023
671,CADILLAC,XT5 Limo FWD,A-S9,2.0L,4cyl,21,20,23,"$2,900",4,"['PR', 'T', 'CD', 'SS']",2023
672,CHEVROLET,Silverado Cab Chassis 2WD,A-10,5.3L,8cyl,16,15,18,"$2,950",3,"['CD', 'SS']",2023
673,FORD,Transit Connect Van FWD,A-S8,2.0L,4cyl,25,24,26,"$1,900",5,['SS'],2023
674,FORD,Transit Connect Wagon LWB FWD,A-S8,2.0L,4cyl,26,24,28,"$1,850",5,['SS'],2023
675,GMC,Sierra Cab Chassis 2WD,A-10,5.3L,8cyl,16,15,18,"$2,950",3,"['CD', 'SS']",2023
676,MERCEDES-BENZ,GLA250,AM-8,2.0L,4cyl,28,24,34,"$2,200",6,"['PR', 'T', 'SS']",2023
677,MERCEDES-BENZ,GLB250,AM-8,2.0L,4cyl,27,24,32,"$2,250",5,"['PR', 'T', 'SS']",2023
678,MERCEDES-BENZ,Metris (Cargo Van),A-9,2.0L,4cyl,20,19,23,"$3,050",4,"['PR', 'T']",2023
679,MERCEDES-BENZ,"Metris (Cargo Van, LWB)",A-9,2.0L,4cyl,20,19,23,"$3,050",4,"['PR', 'T']",2023
680,MERCEDES-BENZ,Metris (Passenger Van),A-9,2.0L,4cyl,19,18,22,"$3,200",4,"['PR', 'T']",2023
681,MERCEDES-BENZ,Metris (US Postal Long),A-9,2.0L,4cyl,21,19,25,"$2,900",4,"['PR', 'T']",2023
682,MERCEDES-BENZ,Metris (US Postal),A-9,2.0L,4cyl,21,19,25,"$2,900",4,"['PR', 'T']",2023
683,CADILLAC,XT5 Hearse AWD,A-S9,2.0L,4cyl,21,20,23,"$2,900",4,"['PR', 'T', 'CD', 'SS']",2023
684,CADILLAC,XT5 Limo AWD,A-S9,2.0L,4cyl,21,20,23,"$2,900",4,"['PR', 'T', 'CD', 'SS']",2023
685,CHEVROLET,Silverado Cab Chassis 4WD,A-10,5.3L,8cyl,16,15,17,"$2,950",3,"['CD', 'SS']",2023
686,GMC,Sierra Cab Chassis 4WD,A-10,5.3L,8cyl,16,15,17,"$2,950",3,"['CD', 'SS']",2023
687,CHRYSLER,Paciî€‰ca,A-9,3.6L,6cyl,22,19,28,"$2,150",5,['SS'],2023
688,CHRYSLER,Voyager,A-9,3.6L,6cyl,22,19,28,"$2,150",5,['SS'],2023
689,HONDA,Odyssey,A-S10,3.5L,6cyl,22,19,28,"$2,150",5,"['CD', 'SS']",2023
690,KIA,Carnival,A-S8,3.5L,6cyl,22,19,26,"$2,150",5,[],2023
691,TOYOTA,Sienna 2WD,AV-S6,2.5L,4cyl,36,36,36,"$1,300",7,"['HEV', 'SS']",2023
692,CHRYSLER,Paciî€‰ca AWD,A-9,3.6L,6cyl,20,17,25,"$2,400",4,['SS'],2023
693,TOYOTA,Sienna AWD,AV-S6,2.5L,4cyl,35,35,36,"$1,350",7,"['HEV', 'SS']",2023
694,ACURA,MDX FWD,A-S10,3.5L,6cyl,22,19,26,"$2,800",5,"['P', 'CD', 'SS']",2023
695,ACURA,RDX FWD,A-S10,2.0L,4cyl,24,22,28,"$2,550",5,"['P', 'T', 'SS']",2023
696,ACURA,RDX FWD A-SPEC,A-S10,2.0L,4cyl,24,22,27,"$2,550",5,"['P', 'T', 'SS']",2023
697,ALFA ROMEO,Stelvio,A-8,2.0L,4cyl,25,22,29,"$2,450",5,"['P', 'T', 'SS']",2023
698,BMW,X3 sDrive30i,A-S8,2.0L,4cyl,25,23,29,"$2,450",5,"['P', 'T', 'SS']",2023
699,BUICK,Encore GX FWD,AV,1.2L,3cyl,30,29,31,"$1,600",6,"['T', 'SS']",2023
700,BUICK,Encore GX FWD,AV,1.3L,3cyl,30,29,32,"$1,600",6,"['T', 'SS']",2023
701,BUICK,Envision FWD,A-S9,2.0L,4cyl,26,23,31,"$1,850",5,"['T', 'CD', 'SS']",2023
702,CADILLAC,XT4 FWD,A-S9,2.0L,4cyl,26,23,30,"$2,350",5,"['PR', 'T', 'CD', 'SS']",2023
703,CADILLAC,XT5 FWD,A-S9,2.0L,4cyl,24,22,29,"$2,550",5,"['PR', 'T', 'CD', 'SS']",2023
704,CADILLAC,XT5 FWD,A-S9,3.6L,6cyl,21,19,26,"$2,250",4,"['CD', 'SS']",2023
705,CADILLAC,XT6 FWD,A-S9,2.0L,4cyl,23,21,27,"$2,650",5,"['PR', 'T', 'CD', 'SS']",2023
706,CADILLAC,XT6 FWD,A-S9,3.6L,6cyl,21,19,26,"$2,250",4,"['CD', 'SS']",2023
707,CHEVROLET,Blazer FWD,A-9,2.0L,4cyl,25,22,29,"$1,900",5,"['T', 'CD', 'SS']",2023
708,CHEVROLET,Blazer FWD,A-9,3.6L,6cyl,22,19,27,"$2,150",5,"['CD', 'SS']",2023
709,CHEVROLET,Equinox FWD,A-6,1.5L,4cyl,28,26,31,"$1,700",6,"['T', 'SS']",2023
710,CHEVROLET,Trailblazer FWD,AV,1.2L,3cyl,30,29,31,"$1,600",6,"['T', 'SS']",2023
711,CHEVROLET,Trailblazer FWD,AV,1.3L,3cyl,31,29,33,"$1,550",6,"['T', 'SS']",2023
712,FORD,Escape FWD,A-8,1.5L,3cyl,30,27,34,"$1,600",6,"['T', 'SS']",2023
713,FORD,Escape FWD HEV,AV,2.5L,4cyl,39,42,36,"$1,200",7,"['HEV', 'SS']",2023
714,GMC,Terrain FWD,A-9,1.5L,4cyl,26,24,29,"$1,850",5,"['T', 'SS']",2023
715,HONDA,CR-V FWD,AV,1.5L,4cyl,30,28,34,"$1,600",6,"['T', 'SS']",2023
716,HONDA,CR-V Hybrid FWD,AV,2.0L,4cyl,40,43,36,"$1,200",7,"['HEV', 'SS']",2023
717,HONDA,Pilot FWD,A-S10,3.5L,6cyl,22,19,27,"$2,150",5,"['CD', 'SS']",2023
718,HYUNDAI,Kona FWD,AM-S7,1.6L,4cyl,32,29,35,"$1,500",6,"['T', 'SS']",2023
719,HYUNDAI,Kona FWD,AV-S1,2.0L,4cyl,32,30,35,"$1,500",6,['SS'],2023
720,HYUNDAI,Kona N,AM-S8,2.0L,4cyl,23,20,27,"$2,650",5,"['P', 'T']",2023
721,A-1 61 65/58 NA 10 H FCV,Palisade FWD,A-S8,3.8L,6cyl,22,19,27,"$2,150",5,[],2023
722,A-1 61 65/58 NA 10 H FCV,Santa Cruz FWD,A-S8,2.5L,4cyl,23,22,26,"$2,050",5,[],2023
723,A-1 61 65/58 NA 10 H FCV,Santa Fe FWD,A-S8,2.5L,4cyl,26,25,28,"$1,850",5,['SS'],2023
724,A-1 61 65/58 NA 10 H FCV,Santa Fe FWD,AM-S8,2.5L,4cyl,25,22,28,"$1,900",5,"['T', 'SS']",2023
725,A-1 61 65/58 NA 10 H FCV,Tucson FWD,A-S8,2.5L,4cyl,28,25,32,"$1,700",6,['SS'],2023
726,INFINITI,QX50,AV-S8,2.0L,4cyl,26,23,29,"$2,350",5,"['PR', 'T']",2023
727,KIA,Seltos FWD,AV-S8,2.0L,4cyl,31,29,35,"$1,550",6,['SS'],2023
728,KIA,Sorento FWD,A-S8,2.5L,4cyl,26,24,29,"$1,850",5,['SS'],2023
729,KIA,Sorento FWD,AM-S8,2.5L,4cyl,25,22,29,"$1,900",5,"['T', 'SS']",2023
730,KIA,Sorento Hybrid FWD,AM-S6,1.6L,4cyl,37,39,35,"$1,300",7,"['T', 'HEV', 'SS']",2023
731,KIA,Sportage FWD,A-S8,2.5L,4cyl,28,25,32,"$1,700",6,['SS'],2023
732,KIA,Sportage Hybrid FWD,AM-S6,1.6L,4cyl,43,42,44,"$1,100",8,"['T', 'HEV', 'SS']",2023
733,KIA,Telluride FWD,A-S8,3.8L,6cyl,23,20,26,"$2,050",5,['SS'],2023
734,LEXUS,NX 250,A-S8,2.5L,4cyl,28,26,33,"$1,700",6,['SS'],2023
735,LEXUS,RX 350,A-S8,2.4L,4cyl,25,22,29,"$2,450",5,"['PR', 'T', 'SS']",2023
736,LINCOLN,Corsair FWD,A-S8,2.0L,4cyl,25,22,30,"$1,900",5,"['T', 'SS']",2023
737,LINCOLN,Nautilus FWD,A-8,2.0L,4cyl,23,21,26,"$2,050",5,"['T', 'SS']",2023
738,LINCOLN,Nautilus FWD,A-S8,2.0L,4cyl,23,21,26,"$2,050",5,"['T', 'SS']",2023
739,MERCEDES-BENZ,GLC300,A-9,2.0L,4cyl,28,25,32,"$2,200",6,"['PR', 'T', 'MHEV', 'SS']",2023
740,MITSUBISHI,Eclipse Cross 2WD,AV-S8,1.5L,4cyl,26,25,28,"$1,850",5,['T'],2023
741,MITSUBISHI,Eclipse Cross ES 2WD,AV-S8,1.5L,4cyl,27,26,29,"$1,750",5,['T'],2023
742,MITSUBISHI,Outlander 2WD,AV-S8,2.5L,4cyl,27,24,31,"$1,750",5,[],2023
743,MITSUBISHI,Outlander Sport 2WD,AV-S6,2.0L,4cyl,27,24,30,"$1,750",5,[],2023
744,MITSUBISHI,Outlander Sport 2WD,AV-S6,2.4L,4cyl,25,23,29,"$1,900",5,[],2023
745,NISSAN,Pathî€‰nder 2WD,A-S9,3.5L,6cyl,23,20,27,"$2,050",5,['SS'],2023
746,NISSAN,Rogue FWD,AV-S8,1.5L,3cyl,33,30,37,"$1,450",6,['T'],2023
747,NISSAN,Rogue FWD,AV-S8,1.5L,3cyl,33,30,37,"$1,450",6,"['T', 'SS']",2023
748,NISSAN,Rogue FWD SL/Platinum,AV-S8,1.5L,3cyl,32,29,36,"$1,500",6,['T'],2023
749,NISSAN,Rogue FWD SL/Platinum,AV-S8,1.5L,3cyl,32,29,36,"$1,500",6,"['T', 'SS']",2023
750,TOYOTA,Corolla Cross,AV-S10,2.0L,4cyl,32,31,33,"$1,500",6,['SS'],2023
751,TOYOTA,Highlander,A-S8,2.4L,4cyl,25,22,29,"$1,900",5,"['T', 'SS']",2023
752,TOYOTA,Highlander,A-S8,2.4L,4cyl,24,21,28,"$2,000",5,['T'],2023
753,TOYOTA,Highlander Hybrid,AV-S6,2.5L,4cyl,36,36,35,"$1,300",7,"['HEV', 'SS']",2023
754,TOYOTA,RAV4,A-S8,2.5L,4cyl,30,27,35,"$1,600",6,[],2023
755,TOYOTA,RAV4,A-S8,2.5L,4cyl,30,27,34,"$1,600",6,['SS'],2023
756,VOLKSWAGEN,Atlas,A-S8,2.0L,4cyl,23,21,25,"$2,050",5,"['T', 'SS']",2023
757,VOLKSWAGEN,Atlas,A-S8,3.6L,6cyl,20,18,24,"$2,400",4,['SS'],2023
758,VOLKSWAGEN,Atlas Cross Sport,A-S8,2.0L,4cyl,23,21,25,"$2,050",5,"['T', 'SS']",2023
759,VOLKSWAGEN,Atlas Cross Sport,A-S8,3.6L,6cyl,20,18,24,"$2,400",4,['SS'],2023
760,VOLKSWAGEN,Taos,A-S8,1.5L,4cyl,31,28,36,"$1,550",6,"['T', 'SS']",2023
761,VOLKSWAGEN,Tiguan,A-S8,2.0L,4cyl,26,23,30,"$1,850",5,"['T', 'SS']",2023
762,VOLKSWAGEN,Tiguan S,A-S8,2.0L,4cyl,27,24,31,"$1,750",5,"['T', 'SS']",2023
763,VOLVO,XC40 B4,A-S8,2.0L,4cyl,27,24,32,"$2,250",5,"['PR', 'T', 'MHEV', 'SS']",2023
764,VOLVO,XC60 B5,A-S8,2.0L,4cyl,26,23,30,"$2,350",5,"['PR', 'T', 'MHEV', 'SS']",2023
765,ACURA,MDX AWD,A-S10,3.5L,6cyl,21,19,25,"$2,900",4,"['P', 'CD', 'SS']",2023
766,ACURA,RDX AWD,A-S10,2.0L,4cyl,23,21,27,"$2,650",5,"['P', 'T', 'SS']",2023
767,ACURA,RDX AWD A-SPEC,A-S10,2.0L,4cyl,23,21,26,"$2,650",5,"['P', 'T', 'SS']",2023
768,ALFA ROMEO,Stelvio AWD,A-8,2.0L,4cyl,24,22,28,"$2,550",5,"['P', 'T', 'SS']",2023
769,ALFA ROMEO,Stelvio AWD,A-8,2.9L,6cyl,19,17,23,"$3,200",4,"['P', 'T', 'CD', 'SS']",2023
770,AUDI,Q3,A-S8,2.0L,4cyl,25,22,29,"$1,900",5,"['T', 'SS']",2023
771,AUDI,Q3 S-Line,A-S8,2.0L,4cyl,24,21,28,"$2,000",5,"['T', 'SS']",2023
772,AUDI,Q5 quattro,AM-S7,2.0L,4cyl,25,23,29,"$2,450",5,"['P', 'T', 'MHEV', 'SS']",2023
773,AUDI,Q5 S-Line quattro,AM-S7,2.0L,4cyl,25,22,29,"$2,450",5,"['P', 'T', 'MHEV', 'SS']",2023
774,AUDI,Q5 Sportback S-line quattro,AM-S7,2.0L,4cyl,25,22,29,"$2,450",5,"['P', 'T', 'MHEV', 'SS']",2023
775,AUDI,SQ5,A-S8,3.0L,6cyl,21,19,24,"$2,900",4,"['P', 'T', 'SS']",2023
776,AUDI,SQ5 Sportback,A-S8,3.0L,6cyl,21,19,24,"$2,900",4,"['P', 'T', 'SS']",2023
777,BMW,X1 xDrive28i,AM-S7,2.0L,4cyl,28,25,34,"$2,200",6,"['P', 'T', 'SS']",2023
778,BMW,X3 M,A-S8,3.0L,6cyl,17,15,20,"$3,600",3,"['P', 'T', 'SS']",2023
779,BMW,X3 M Competition,A-S8,3.0L,6cyl,17,15,20,"$3,600",3,"['P', 'T', 'SS']",2023
780,BMW,X3 M40i,A-S8,3.0L,6cyl,23,21,26,"$2,650",5,"['P', 'T', 'MHEV', 'SS']",2023
781,BMW,X3 xDrive30i,A-S8,2.0L,4cyl,24,21,28,"$2,550",5,"['P', 'T', 'SS']",2023
782,BMW,X4 M,A-S8,3.0L,6cyl,17,15,20,"$3,600",3,"['P', 'T', 'SS']",2023
783,BMW,X4 M Competition,A-S8,3.0L,6cyl,17,15,20,"$3,600",3,"['P', 'T', 'SS']",2023
784,BMW,X4 M40i,A-S8,3.0L,6cyl,23,21,26,"$2,650",5,"['P', 'T', 'MHEV', 'SS']",2023
785,BMW,X4 xDrive30i,A-S8,2.0L,4cyl,24,21,28,"$2,550",5,"['P', 'T', 'SS']",2023
786,BUICK,Encore GX AWD,A-9,1.3L,3cyl,27,26,29,"$1,750",5,"['T', 'SS']",2023
787,BUICK,Envision AWD,A-S9,2.0L,4cyl,25,22,29,"$1,900",5,"['T', 'CD', 'SS']",2023
788,CADILLAC,XT4 AWD,A-S9,2.0L,4cyl,24,22,29,"$2,550",5,"['PR', 'T', 'CD', 'SS']",2023
789,CADILLAC,XT5 AWD,A-S9,2.0L,4cyl,23,21,27,"$2,650",5,"['PR', 'T', 'CD', 'SS']",2023
790,CADILLAC,XT5 AWD,A-S9,3.6L,6cyl,21,18,25,"$2,250",4,"['CD', 'SS']",2023
791,CADILLAC,XT6 AWD,A-S9,2.0L,4cyl,23,21,26,"$2,650",5,"['PR', 'T', 'CD', 'SS']",2023
792,CADILLAC,XT6 AWD,A-S9,3.6L,6cyl,21,18,25,"$2,250",4,"['CD', 'SS']",2023
793,CHEVROLET,Blazer AWD,A-9,2.0L,4cyl,24,22,27,"$2,000",5,"['T', 'CD', 'SS']",2023
794,CHEVROLET,Blazer AWD,A-9,3.6L,6cyl,21,19,26,"$2,250",4,"['CD', 'SS']",2023
795,CHEVROLET,Equinox AWD,A-6,1.5L,4cyl,26,24,30,"$1,850",5,"['T', 'SS']",2023
796,CHEVROLET,Trailblazer AWD,A-9,1.3L,3cyl,28,26,30,"$1,700",6,"['T', 'SS']",2023
797,DODGE,Hornet AWD,A-9,2.0L,4cyl,24,21,29,"$2,000",5,"['T', 'SS']",2023
798,FIAT,500X AWD,A-9,1.3L,4cyl,26,24,30,"$1,850",5,"['T', 'SS']",2023
799,FORD,Bronco 4WD,A-S10,2.3L,4cyl,20,20,21,"$2,400",4,"['T', 'PT4', 'SS']",2023
800,FORD,Bronco 4WD,M-7,2.3L,4cyl,20,20,21,"$2,400",4,"['T', 'PT4', 'SS']",2023
801,FORD,Bronco 4WD,A-S10,2.7L,6cyl,20,19,21,"$2,400",4,"['T', 'PT4', 'SS']",2023
802,FORD,Bronco Badlands 4WD,A-S10,2.3L,4cyl,17,17,17,"$2,800",3,"['T', 'PT4', 'SS']",2023
803,FORD,Bronco Badlands 4WD,M-7,2.3L,4cyl,17,16,17,"$2,800",3,"['T', 'PT4', 'SS']",2023
804,FORD,Bronco Badlands 4WD,A-S10,2.7L,6cyl,17,17,17,"$2,800",3,"['T', 'PT4', 'SS']",2023
805,FORD,Bronco Black Diamond 4WD,A-S10,2.3L,4cyl,18,18,18,"$2,650",4,"['T', 'PT4', 'SS']",2023
806,FORD,Bronco Black Diamond 4WD,M-7,2.3L,4cyl,17,16,18,"$2,800",3,"['T', 'PT4', 'SS']",2023
807,FORD,Bronco Black Diamond 4WD,A-S10,2.7L,6cyl,18,18,18,"$2,650",4,"['T', 'PT4', 'SS']",2023
808,FORD,Bronco Sasquatch 4WD,A-S10,2.3L,4cyl,18,18,17,"$2,650",4,"['T', 'PT4', 'SS']",2023
809,FORD,Bronco Sasquatch 4WD,M-7,2.3L,4cyl,17,16,18,"$2,800",3,"['T', 'PT4', 'SS']",2023
810,FORD,Bronco Sasquatch 4WD,A-S10,2.7L,6cyl,17,17,17,"$2,800",3,"['T', 'PT4', 'SS']",2023
811,FORD,Bronco Sport 4WD,A-8,1.5L,3cyl,26,25,28,"$1,850",5,"['T', 'CD', 'SS']",2023
812,FORD,Bronco Sport 4WD,A-S8,2.0L,4cyl,23,21,26,"$2,050",5,"['T', 'PT4', 'SS']",2023
813,FORD,Edge AWD,A-8,2.0L,4cyl,23,21,28,"$2,050",5,"['T', 'SS']",2023
814,FORD,Edge AWD,A-S8,2.0L,4cyl,23,20,28,"$2,050",5,"['T', 'SS']",2023
815,FORD,Edge AWD,A-S8,2.7L,6cyl,21,19,25,"$2,250",4,"['T', 'SS']",2023
816,FORD,Escape AWD,A-8,1.5L,3cyl,28,26,32,"$1,700",6,"['T', 'SS']",2023
817,FORD,Escape AWD,A-8,2.0L,4cyl,26,23,31,"$1,850",5,"['T', 'SS']",2023
818,FORD,Escape AWD HEV,AV,2.5L,4cyl,39,42,36,"$1,200",7,"['PT4', 'HEV', 'SS']",2023
819,GENESIS,GV70 AWD,A-S8,2.5L,4cyl,24,22,28,"$2,550",5,"['P', 'T', 'SS']",2023
820,GENESIS,GV70 AWD,A-S8,2.5L,4cyl,22,19,26,"$2,800",5,"['P', 'T', '5-Mode', 'SS']",2023
821,GENESIS,GV70 AWD,A-S8,3.5L,6cyl,21,19,24,"$2,900",4,"['P', 'T', 'SS']",2023
822,GMC,Terrain AWD,A-9,1.5L,4cyl,26,24,28,"$1,850",5,"['T', 'SS']",2023
823,HONDA,CR-V AWD,AV,1.5L,4cyl,29,27,32,"$1,650",6,"['T', 'SS']",2023
824,HONDA,CR-V Hybrid AWD,AV,2.0L,4cyl,37,40,34,"$1,300",7,"['HEV', 'SS']",2023
825,HONDA,Passport AWD,A-S9,3.5L,6cyl,21,19,24,"$2,250",4,"['CD', 'SS']",2023
826,HYUNDAI,Kona AWD,AM-S7,1.6L,4cyl,29,27,32,"$1,650",6,"['T', 'SS']",2023
827,HYUNDAI,Kona AWD,AV-S1,2.0L,4cyl,30,28,33,"$1,600",6,['SS'],2023
828,HYUNDAI,Palisade AWD,A-S8,3.8L,6cyl,21,19,25,"$2,250",4,[],2023
829,HYUNDAI,Santa Cruz AWD,A-S8,2.5L,4cyl,23,21,25,"$2,050",5,[],2023
830,HYUNDAI,Santa Cruz AWD,AM-S8,2.5L,4cyl,22,19,27,"$2,150",5,['T'],2023
831,HYUNDAI,Santa Fe AWD,A-S8,2.5L,4cyl,24,22,25,"$2,000",5,['SS'],2023
832,HYUNDAI,Santa Fe AWD,AM-S8,2.5L,4cyl,24,21,28,"$2,000",5,"['T', 'SS']",2023
833,HYUNDAI,Santa Fe Hybrid,AM-S6,1.6L,4cyl,32,33,30,"$1,500",6,"['T', 'HEV', 'SS']",2023
834,HYUNDAI,Santa Fe Hybrid Blue,AM-S6,1.6L,4cyl,34,36,31,"$1,400",7,"['T', 'HEV', 'SS']",2023
835,HYUNDAI,Tucson AWD,A-S8,2.5L,4cyl,25,23,28,"$1,900",5,[],2023
836,HYUNDAI,Tucson Hybrid,AM-S6,1.6L,4cyl,37,37,36,"$1,300",7,"['T', 'HEV', 'SS']",2023
837,HYUNDAI,Tucson Hybrid Blue,AM-S6,1.6L,4cyl,38,38,38,"$1,250",7,"['T', 'HEV', 'SS']",2023
838,INFINITI,QX50 AWD,AV-S8,2.0L,4cyl,25,22,28,"$2,450",5,"['PR', 'T']",2023
839,INFINITI,QX55 AWD,AV-S8,2.0L,4cyl,25,22,28,"$2,450",5,"['PR', 'T']",2023
840,JAGUAR,E-Pace,A-S9,2.0L,4cyl,23,20,26,"$2,650",5,"['P', 'T', 'SS']",2023
841,JAGUAR,F-Pace,A-S8,2.0L,4cyl,24,22,27,"$2,550",5,"['P', 'T', 'SS']",2023
842,JAGUAR,F-Pace P340 MHEV,A-S8,3.0L,6cyl,22,20,27,"$2,800",5,"['P', 'MHEV', 'SS']",2023
843,JAGUAR,F-Pace P400 MHEV,A-S8,3.0L,6cyl,22,19,26,"$2,800",5,"['P', 'MHEV', 'SS']",2023
844,JAGUAR,F-Pace SVR,A-S8,5.0L,8cyl,17,15,21,"$3,600",3,"['P', 'S', 'SS']",2023
845,JEEP,Cherokee 4WD,A-9,2.4L,4cyl,24,21,29,"$2,000",5,['SS'],2023
846,JEEP,Cherokee Trailhawk 4WD,A-9,2.0L,4cyl,22,20,26,"$2,150",5,"['T', 'SS']",2023
847,JEEP,Compass 4WD,A-8,2.0L,4cyl,27,24,32,"$1,750",5,"['T', 'SS']",2023
848,JEEP,Renegade 4WD,A-9,1.3L,4cyl,26,23,29,"$1,850",5,"['T', 'SS']",2023
849,JEEP,Renegade Trailhawk 4WD,A-9,1.3L,4cyl,24,22,27,"$2,000",5,"['T', 'SS']",2023
850,JEEP,Wrangler 2dr 4WD,A-8,2.0L,4cyl,23,22,24,"$2,050",5,"['T', 'SS']",2023
851,JEEP,Wrangler 2dr 4WD,A-8,3.6L,6cyl,21,20,24,"$2,250",4,"['MHEV', 'SS']",2023
852,JEEP,Wrangler 2dr 4WD,A-8,3.6L,6cyl,20,18,23,"$2,400",4,['SS'],2023
853,JEEP,Wrangler 2dr 4WD,M-6,3.6L,6cyl,20,17,25,"$2,400",4,['SS'],2023
854,JEEP,Wrangler 4dr 4WD,A-8,2.0L,4cyl,22,21,24,"$2,150",5,"['T', 'SS']",2023
855,JEEP,Wrangler 4dr 4WD,A-8,3.6L,6cyl,21,19,24,"$2,250",4,"['MHEV', 'SS']",2023
856,JEEP,Wrangler 4dr 4WD,A-8,3.6L,6cyl,20,18,23,"$2,400",4,['SS'],2023
857,JEEP,Wrangler 4dr 4WD,M-6,3.6L,6cyl,19,17,23,"$2,500",4,['SS'],2023
858,JEEP,Wrangler 4dr 4WD,A-8,6.4L,8cyl,14,13,17,"$4,350",2,"['P', 'CD']",2023
859,JEEP,Wrangler 4dr EcoDiesel 4WD,A-8,3.0L,6cyl,25,22,29,"$2,200",5,"['D', 'T', 'SS']",2023
860,JEEP,Wrangler Rubic 4dr EcoDiesel 4WD,A-8,3.0L,6cyl,23,21,26,"$2,350",4,"['D', 'T', 'SS']",2023
861,KIA,Seltos AWD,AM-S7,1.6L,4cyl,27,25,30,"$1,750",5,"['T', 'SS']",2023
862,KIA,Seltos AWD,AV-S8,2.0L,4cyl,29,27,31,"$1,650",6,['SS'],2023
863,KIA,Sorento AWD,A-S8,2.5L,4cyl,24,23,25,"$2,000",5,['SS'],2023
864,KIA,Sorento AWD,AM-S8,2.5L,4cyl,24,22,27,"$2,000",5,"['T', 'SS']",2023
865,KIA,Sorento Hybrid AWD,AM-S6,1.6L,4cyl,34,36,33,"$1,400",7,"['T', 'HEV', 'SS']",2023
866,KIA,Sportage AWD,A-S8,2.5L,4cyl,25,23,28,"$1,900",5,['SS'],2023
867,KIA,Sportage Hybrid AWD,AM-S6,1.6L,4cyl,38,38,38,"$1,250",7,"['T', 'HEV', 'SS']",2023
868,KIA,Telluride AWD,A-S8,3.8L,6cyl,21,18,24,"$2,250",4,['SS'],2023
869,LAND ROVER,Discovery Sport,A-S9,2.0L,4cyl,20,19,23,"$3,050",4,"['P', 'T', 'SS']",2023
870,LAND ROVER,Range Rover Evoque,A-S9,2.0L,4cyl,22,20,27,"$2,800",5,"['P', 'T', 'SS']",2023
871,LAND ROVER,Range Rover Evoque MHEV,A-S9,2.0L,4cyl,23,21,26,"$2,650",5,"['P', 'T', 'MHEV', 'SS']",2023
872,LAND ROVER,Range Rover Velar,A-S8,2.0L,4cyl,23,20,26,"$2,650",5,"['P', 'T', 'SS']",2023
873,LAND ROVER,Range Rover Velar P340 MHEV,A-S8,3.0L,6cyl,22,20,26,"$2,800",5,"['P', 'MHEV', 'SS']",2023
874,LAND ROVER,Range Rover Velar P400 MHEV,A-S8,3.0L,6cyl,21,19,25,"$2,900",4,"['P', 'MHEV', 'SS']",2023
875,LEXUS,NX 250 AWD,A-S8,2.5L,4cyl,28,25,32,"$1,700",6,['SS'],2023
876,LEXUS,NX 350 AWD,A-S8,2.4L,4cyl,25,22,29,"$2,450",5,"['PR', 'T', 'SS']",2023
877,LEXUS,NX 350 AWD,A-S8,2.4L,4cyl,25,22,28,"$2,450",5,"['PR', 'T', 'F', 'Sport', 'SS']",2023
878,LEXUS,NX 350h AWD,AV-S6,2.5L,4cyl,39,41,37,"$1,550",7,"['P', 'HEV', 'SS']",2023
879,LEXUS,RX 350 AWD,A-S8,2.4L,4cyl,24,21,28,"$2,550",5,"['PR', 'T', 'SS']",2023
880,LEXUS,RX 350h AWD,AV-S6,2.5L,4cyl,36,37,34,"$1,700",7,"['P', 'HEV', 'SS']",2023
881,LEXUS,RX 500h AWD,AV-S6,2.4L,4cyl,27,27,28,"$2,250",5,"['PR', 'T', 'HEV', 'SS']",2023
882,LINCOLN,Corsair AWD,A-S8,2.0L,4cyl,24,21,28,"$2,000",5,"['T', 'SS']",2023
883,LINCOLN,Nautilus AWD,A-8,2.0L,4cyl,22,20,25,"$2,150",5,"['T', 'SS']",2023
884,LINCOLN,Nautilus AWD,A-S8,2.0L,4cyl,22,20,25,"$2,150",5,"['T', 'SS']",2023
885,LINCOLN,Nautilus AWD,A-S8,2.7L,6cyl,21,19,25,"$2,250",4,"['T', 'SS']",2023
886,MASERATI,Grecale GT,A-8,2.0L,4cyl,25,22,29,"$2,450",5,"['P', 'T', 'MHEV', 'SS']",2023
887,MASERATI,Grecale Modena,A-8,2.0L,4cyl,25,22,29,"$2,450",5,"['P', 'T', 'MHEV', 'SS']",2023
888,MASERATI,Grecale Trofeo,A-8,3.0L,6cyl,20,18,25,"$3,050",4,"['PR', 'T', 'CD', 'SS']",2023
889,MAZDA,CX-30 4WD,A-S6,2.5L,4cyl,29,26,33,"$1,650",6,['CD'],2023
890,MAZDA,CX-30 4WD,A-S6,2.5L,4cyl,25,22,30,"$1,900",5,['T'],2023
891,MAZDA,CX-5 4WD,A-S6,2.5L,4cyl,26,24,30,"$1,850",5,['CD'],2023
892,MAZDA,CX-5 4WD,A-S6,2.5L,4cyl,24,22,27,"$2,000",5,['T'],2023
893,MAZDA,CX-50 4WD,A-S6,2.5L,4cyl,27,24,30,"$1,750",5,['CD'],2023
894,MAZDA,CX-50 4WD,A-S6,2.5L,4cyl,25,23,29,"$1,900",5,"['T', 'SS']",2023
895,MAZDA,CX-9 4WD,A-S6,2.5L,4cyl,23,20,26,"$2,050",5,['T'],2023
896,MERCEDES-BENZ,AMG GLC43 4matic Coupe,A-9,3.0L,6cyl,20,17,24,"$3,050",4,"['PR', 'T', 'SS']",2023
897,MERCEDES-BENZ,GLA250 4matic,AM-8,2.0L,4cyl,26,23,32,"$2,350",5,"['PR', 'T', 'SS']",2023
898,MERCEDES-BENZ,GLB250 4matic,AM-8,2.0L,4cyl,25,22,30,"$2,450",5,"['PR', 'T', 'SS']",2023
899,MERCEDES-BENZ,GLC300 4matic,A-9,2.0L,4cyl,26,23,31,"$2,350",5,"['PR', 'T', 'MHEV', 'SS']",2023
900,MERCEDES-BENZ,GLC300 4matic Coupe,A-9,2.0L,4cyl,22,20,26,"$2,800",5,"['PR', 'T', 'SS']",2023
901,MERCEDES-BENZ,GLE350,A-9,2.0L,4cyl,22,20,25,"$2,800",5,"['PR', 'T', 'SS']",2023
902,MERCEDES-BENZ,GLE350 4matic,A-9,2.0L,4cyl,21,20,24,"$2,900",4,"['PR', 'T', 'SS']",2023
903,MITSUBISHI,Eclipse Cross 4WD,AV-S8,1.5L,4cyl,25,25,26,"$1,900",5,['T'],2023
904,MITSUBISHI,Eclipse Cross ES 4WD,AV-S8,1.5L,4cyl,26,25,28,"$1,850",5,['T'],2023
905,MITSUBISHI,Outlander 4WD,AV-S8,2.5L,4cyl,26,24,30,"$1,850",5,[],2023
906,MITSUBISHI,Outlander Sport 4WD,AV-S6,2.0L,4cyl,26,23,29,"$1,850",5,[],2023
907,MITSUBISHI,Outlander Sport 4WD,AV-S6,2.4L,4cyl,25,23,28,"$1,900",5,[],2023
908,NISSAN,Pathî€‰nder 4WD,A-S9,3.5L,6cyl,23,21,27,"$2,050",5,['SS'],2023
909,NISSAN,Pathî€‰nder 4WD Rock Creek,A-S9,3.5L,6cyl,21,20,23,"$2,900",4,"['P', 'SS']",2023
910,NISSAN,Pathî€‰nder 4WD SL/Platinum,A-S9,3.5L,6cyl,22,20,25,"$2,150",5,['SS'],2023
911,NISSAN,Rogue AWD,AV-S8,1.5L,3cyl,31,28,35,"$1,550",6,['T'],2023
912,NISSAN,Rogue AWD,AV-S8,1.5L,3cyl,31,28,35,"$1,550",6,"['T', 'SS']",2023
913,NISSAN,Rogue AWD SL/Platinum,AV-S8,1.5L,3cyl,31,28,34,"$1,550",6,['T'],2023
914,NISSAN,Rogue AWD SL/Platinum,AV-S8,1.5L,3cyl,31,28,34,"$1,550",6,"['T', 'SS']",2023
915,PORSCHE,Macan,AM-S7,2.0L,4cyl,21,19,25,"$2,900",4,"['PR', 'T', 'SS']",2023
916,PORSCHE,Macan GTS,AM-S7,2.9L,6cyl,19,17,22,"$3,200",4,"['PR', 'T', 'SS']",2023
917,PORSCHE,Macan S,AM-S7,2.9L,6cyl,19,17,23,"$3,200",4,"['PR', 'T', 'SS']",2023
918,PORSCHE,Macan T,AM-S7,2.0L,4cyl,21,19,25,"$2,900",4,"['PR', 'T', 'SS']",2023
919,SUBARU,Crosstrek AWD,AV-S8,2.0L,4cyl,30,28,33,"$1,600",6,['SS'],2023
920,SUBARU,Crosstrek AWD,M-6,2.0L,4cyl,25,22,29,"$1,900",5,[],2023
921,SUBARU,Crosstrek AWD,AV-S8,2.5L,4cyl,29,27,34,"$1,650",6,['SS'],2023
922,SUBARU,Forester AWD,AV-S7,2.5L,4cyl,29,26,33,"$1,650",6,['SS'],2023
923,SUBARU,Forester Wilderness AWD,AV-S8,2.5L,4cyl,26,25,28,"$1,850",5,['SS'],2023
924,SUBARU,Outback AWD,AV-S8,2.4L,4cyl,25,22,29,"$1,900",5,"['T', 'SS']",2023
925,SUBARU,Outback AWD,AV-S8,2.5L,4cyl,28,26,32,"$1,700",6,['SS'],2023
926,SUBARU,Outback Wilderness AWD,AV-S8,2.4L,4cyl,23,21,26,"$2,050",5,"['T', 'SS']",2023
927,TOYOTA,Corolla Cross 4WD,AV-S10,2.0L,4cyl,30,29,32,"$1,600",6,['SS'],2023
928,TOYOTA,Corolla Cross Hybrid AWD,AV-S6,2.0L,4cyl,42,45,38,"$1,150",8,"['HEV', 'SS']",2023
929,TOYOTA,Highlander AWD,A-S8,2.4L,4cyl,24,21,28,"$2,000",5,"['T', 'SS']",2023
930,TOYOTA,RAV4 AWD,A-S8,2.5L,4cyl,29,27,33,"$1,650",6,['SS'],2023
931,TOYOTA,RAV4 AWD,A-S8,2.5L,4cyl,28,25,33,"$1,700",6,[],2023
932,TOYOTA,RAV4 AWD LE,A-S8,2.5L,4cyl,30,27,34,"$1,600",6,['SS'],2023
933,TOYOTA,RAV4 AWD TRD OFFROAD,A-S8,2.5L,4cyl,28,25,32,"$1,700",6,[],2023
934,TOYOTA,RAV4 Hybrid AWD,AV-S6,2.5L,4cyl,40,41,38,"$1,200",7,"['HEV', 'SS']",2023
935,TOYOTA,RAV4 Hybrid AWD Woodland Edition,AV-S6,2.5L,4cyl,37,38,35,"$1,300",7,"['HEV', 'SS']",2023
936,TOYOTA,Venza AWD,AV-S6,2.5L,4cyl,39,40,37,"$1,200",7,"['HEV', 'SS']",2023
937,VOLKSWAGEN,Atlas 4motion,A-S8,2.0L,4cyl,22,20,24,"$2,150",5,"['T', 'SS']",2023
938,VOLKSWAGEN,Atlas 4motion,A-S8,3.6L,6cyl,20,18,23,"$2,400",4,['SS'],2023
939,VOLKSWAGEN,Atlas Cross Sport 4motion,A-S8,2.0L,4cyl,22,20,24,"$2,150",5,"['T', 'SS']",2023
940,VOLKSWAGEN,Atlas Cross Sport 4motion,A-S8,3.6L,6cyl,20,18,24,"$2,400",4,['SS'],2023
941,VOLKSWAGEN,Taos 4motion,AM-S7,1.5L,4cyl,28,25,32,"$1,700",6,"['T', 'SS']",2023
942,VOLKSWAGEN,Tiguan 4motion,A-S8,2.0L,4cyl,25,22,29,"$1,900",5,"['T', 'SS']",2023
943,VOLKSWAGEN,Tiguan R-Line 4motion,A-S8,2.0L,4cyl,24,21,28,"$2,000",5,"['T', 'SS']",2023
944,VOLVO,XC40 B5 AWD,A-S8,2.0L,4cyl,26,23,30,"$2,350",5,"['PR', 'T', 'MHEV', 'SS']",2023
945,VOLVO,XC60 B5 AWD,A-S8,2.0L,4cyl,25,23,29,"$2,450",5,"['PR', 'T', 'MHEV', 'SS']",2023
946,VOLVO,XC60 B6 AWD,A-S8,2.0L,4cyl,23,21,27,"$2,650",5,"['PR', 'T', 'S', 'MHEV', 'SS']",2023
947,BMW,X5 sDrive40i,A-S8,3.0L,6cyl,23,21,26,"$2,650",5,"['P', 'T', 'MHEV', 'SS']",2023
948,BUICK,Enclave FWD,A-9,3.6L,6cyl,21,18,26,"$2,250",4,['SS'],2023
949,CADILLAC,Escalade 2WD,A-10,3.0L,6cyl,23,21,27,"$2,350",4,"['D', 'T', 'SS']",2023
950,CADILLAC,Escalade 2WD,A-10,6.2L,8cyl,16,14,19,"$3,800",3,"['PR', 'CD', 'SS']",2023
951,CHEVROLET,Suburban 2WD,A-10,3.0L,6cyl,23,21,27,"$2,350",4,"['D', 'T', 'SS']",2023
952,CHEVROLET,Suburban 2WD,A-10,5.3L,8cyl,17,15,20,"$2,800",3,"['CD', 'SS']",2023
953,CHEVROLET,Suburban 2WD,A-10,6.2L,8cyl,16,14,20,"$3,800",3,"['PR', 'CD', 'SS']",2023
954,CHEVROLET,Tahoe 2WD,A-10,3.0L,6cyl,24,21,28,"$2,250",4,"['D', 'T', 'SS']",2023
955,CHEVROLET,Tahoe 2WD,A-10,5.3L,8cyl,17,15,20,"$2,800",3,"['CD', 'SS']",2023
956,CHEVROLET,Tahoe 2WD,A-10,6.2L,8cyl,16,14,20,"$3,800",3,"['PR', 'CD', 'SS']",2023
957,CHEVROLET,Traverse FWD,A-9,3.6L,6cyl,21,18,27,"$2,250",4,['SS'],2023
958,DODGE,Durango RWD,A-8,3.6L,6cyl,21,19,26,"$2,250",4,['SS'],2023
959,DODGE,Durango RWD,A-8,5.7L,8cyl,17,14,22,"$3,300",3,"['Mid', 'CD']",2023
960,FORD,Expedition 2WD,A-S10,3.5L,6cyl,19,17,23,"$2,500",4,"['T', 'SS']",2023
961,FORD,Expedition 2WD,A-S10,3.5L,6cyl,19,16,23,"$2,500",4,['T'],2023
962,FORD,Explorer HEV RWD,A-10,3.3L,6cyl,27,27,28,"$1,750",5,"['HEV', 'SS']",2023
963,FORD,Explorer Platinum HEV RWD,A-10,3.3L,6cyl,26,25,26,"$1,850",5,"['HEV', 'SS']",2023
964,FORD,Explorer RWD,A-10,2.3L,4cyl,24,21,28,"$2,000",5,"['T', 'SS']",2023
965,FORD,Explorer RWD,A-10,2.3L,4cyl,23,20,28,"$2,050",5,['T'],2023
966,FORD,Explorer RWD,A-10,3.0L,6cyl,21,18,26,"$2,250",4,"['T', 'SS']",2023
967,FORD,Explorer RWD,A-S10,3.0L,6cyl,20,18,25,"$2,400",4,"['T', 'SS']",2023
968,GMC,Acadia FWD,A-9,2.0L,4cyl,25,22,29,"$1,900",5,"['T', 'CD', 'SS']",2023
969,GMC,Acadia FWD,A-9,3.6L,6cyl,22,19,27,"$2,150",5,"['CD', 'SS']",2023
970,GMC,Yukon 2WD,A-10,3.0L,6cyl,23,21,27,"$2,350",4,"['D', 'T', 'SS']",2023
971,GMC,Yukon 2WD,A-10,5.3L,8cyl,17,15,20,"$2,800",3,"['CD', 'SS']",2023
972,GMC,Yukon 2WD,A-10,6.2L,8cyl,16,14,20,"$3,800",3,"['PR', 'CD', 'SS']",2023
973,GMC,Yukon XL 2WD,A-10,3.0L,6cyl,23,21,27,"$2,350",4,"['D', 'T', 'SS']",2023
974,GMC,Yukon XL 2WD,A-10,5.3L,8cyl,17,15,20,"$2,800",3,"['CD', 'SS']",2023
975,GMC,Yukon XL 2WD,A-10,6.2L,8cyl,16,14,19,"$3,800",3,"['PR', 'CD', 'SS']",2023
976,INFINITI,QX60 FWD,A-S9,3.5L,6cyl,23,21,26,"$2,650",5,"['P', 'SS']",2023
977,INFINITI,QX80 2WD,A-S7,5.6L,8cyl,16,14,20,"$3,800",3,['P'],2023
978,JEEP,Grand Cherokee 2WD,A-8,3.6L,6cyl,22,19,26,"$2,150",5,['SS'],2023
979,JEEP,Grand Cherokee L 2WD,A-8,3.6L,6cyl,21,19,26,"$2,250",4,['SS'],2023
980,JEEP,Wagoneer 2WD,A-8,3.0L,6cyl,20,17,24,"$2,400",4,"['T', 'SS']",2023
981,JEEP,Wagoneer 2WD,A-8,5.7L,8cyl,18,16,22,"$3,100",4,"['Mid', 'CD', 'MHEV', 'SS']",2023
982,JEEP,Wagoneer L 2WD,A-8,3.0L,6cyl,20,17,24,"$2,400",4,"['T', 'SS']",2023
983,LINCOLN,Aviator RWD,A-S10,3.0L,6cyl,21,18,26,"$2,250",4,['T'],2023
984,LINCOLN,Navigator 2WD,A-S10,3.5L,6cyl,19,17,23,"$2,500",4,"['T', 'SS']",2023
985,LINCOLN,Navigator 2WD,A-S10,3.5L,6cyl,19,16,23,"$2,500",4,['T'],2023
986,NISSAN,Armada 2WD,A-S7,5.6L,8cyl,16,14,19,"$3,800",3,['P'],2023
987,TOYOTA,4Runner 2WD,A-S5,4.0L,6cyl,17,16,19,"$2,800",3,[],2023
988,TOYOTA,Sequoia 2WD,A-S10,3.4L,6cyl,22,21,24,"$2,150",5,"['T', 'HEV', 'SS']",2023
989,ACURA,MDX AWD Type-S,A-S10,3.0L,6cyl,19,17,21,"$3,200",4,"['P', 'T', 'CD', 'SS']",2023
990,ASTON MARTIN,DBX 707,A-9,4.0L,8cyl,17,15,20,"$3,600",3,"['P', 'T', 'CD']",2023
991,ASTON MARTIN,DBX V8,A-9,4.0L,8cyl,16,14,20,"$3,800",3,"['P', 'T', 'CD']",2023
992,AUDI,Q7,A-S8,2.0L,4cyl,21,19,25,"$2,900",4,"['P', 'T', 'SS']",2023
993,AUDI,Q7,A-S8,3.0L,6cyl,20,18,22,"$3,050",4,"['P', 'T', 'MHEV', 'SS']",2023
994,AUDI,Q8,A-S8,3.0L,6cyl,20,18,23,"$3,050",4,"['P', 'T', 'MHEV', 'SS']",2023
995,AUDI,RS Q8,A-S8,4.0L,8cyl,16,13,20,"$3,800",3,"['P', 'T', 'CD', 'MHEV', 'SS']",2023
996,AUDI,SQ7,A-S8,4.0L,8cyl,17,14,20,"$3,600",3,"['P', 'T', 'CD', 'SS']",2023
997,AUDI,SQ8,A-S8,4.0L,8cyl,17,14,20,"$3,600",3,"['P', 'T', 'CD', 'SS']",2023
998,BENTLEY,Bentayga,A-S8,4.0L,8cyl,17,14,21,"$3,600",3,"['P', 'T', 'CD', 'SS']",2023
999,BENTLEY,Bentayga EWB,A-S8,4.0L,8cyl,17,14,21,"$3,600",3,"['P', 'T', 'CD', 'SS']",2023
1000,BENTLEY,Bentayga Speed,A-S8,6.0L,12cyl,14,12,19,"$4,350",2,"['P', 'T', 'CD', 'SS']",2023
1001,BMW,Alpina XB7,A-S8,4.4L,8cyl,17,16,20,"$3,600",4,"['P', 'T', 'MHEV', 'SS']",2023
1002,BMW,X5 M,A-S8,4.4L,8cyl,15,13,18,"$4,100",2,"['P', 'T', 'SS']",2023
1003,BMW,X5 M Competition,A-S8,4.4L,8cyl,15,13,18,"$4,100",2,"['P', 'T', 'SS']",2023
1004,BMW,X5 M50i,A-S8,4.4L,8cyl,18,16,22,"$3,400",4,"['P', 'T', 'SS']",2023
1005,BMW,X5 xDrive40i,A-S8,3.0L,6cyl,23,21,25,"$2,650",5,"['P', 'T', 'MHEV', 'SS']",2023
1006,BMW,X6 M,A-S8,4.4L,8cyl,15,13,18,"$4,100",2,"['P', 'T', 'SS']",2023
1007,BMW,X6 M Competition,A-S8,4.4L,8cyl,15,13,18,"$4,100",2,"['P', 'T', 'SS']",2023
1008,BMW,X6 M50i,A-S8,4.4L,8cyl,18,16,22,"$3,400",4,"['P', 'T', 'SS']",2023
1009,BMW,X6 xDrive40i,A-S8,3.0L,6cyl,23,21,25,"$2,650",5,"['P', 'T', 'MHEV', 'SS']",2023
1010,BMW,X7 M60i xDrive,A-S8,4.4L,8cyl,18,16,21,"$3,400",4,"['P', 'T', 'MHEV', 'SS']",2023
1011,BMW,X7 xDrive40i,A-S8,3.0L,6cyl,22,21,25,"$2,800",5,"['P', 'T', 'MHEV', 'SS']",2023
1012,BUICK,Enclave AWD,A-9,3.6L,6cyl,20,17,25,"$2,400",4,['SS'],2023
1013,CADILLAC,Escalade 4WD,A-10,3.0L,6cyl,22,20,26,"$2,500",4,"['D', 'T', 'SS']",2023
1014,CADILLAC,Escalade 4WD,A-10,6.2L,8cyl,16,14,18,"$3,800",3,"['PR', 'CD', 'SS']",2023
1015,CADILLAC,Escalade V 4WD,A-S10,6.2L,8cyl,13,11,16,"$4,700",1,"['PR', 'S']",2023
1016,CHEVROLET,Suburban 4WD,A-10,3.0L,6cyl,22,20,26,"$2,500",4,"['D', 'T', 'SS']",2023
1017,CHEVROLET,Suburban 4WD,A-10,5.3L,8cyl,16,15,19,"$2,950",3,"['CD', 'SS']",2023
1018,CHEVROLET,Suburban 4WD,A-10,6.2L,8cyl,16,14,18,"$3,800",3,"['PR', 'CD', 'SS']",2023
1019,CHEVROLET,Tahoe 4WD,A-10,3.0L,6cyl,22,20,26,"$2,500",4,"['D', 'T', 'SS']",2023
1020,CHEVROLET,Tahoe 4WD,A-10,5.3L,8cyl,17,15,20,"$2,800",3,"['CD', 'SS']",2023
1021,CHEVROLET,Tahoe 4WD,A-10,5.3L,8cyl,16,14,18,"$2,950",3,['CD'],2023
1022,CHEVROLET,Tahoe 4WD,A-10,6.2L,8cyl,16,14,18,"$3,800",3,"['PR', 'CD', 'SS']",2023
1023,CHEVROLET,Traverse AWD,A-9,3.6L,6cyl,20,17,25,"$2,400",4,['SS'],2023
1024,DODGE,Durango AWD,A-8,3.6L,6cyl,21,18,25,"$2,250",4,['SS'],2023
1025,DODGE,Durango AWD,A-8,5.7L,8cyl,17,14,22,"$3,300",3,"['Mid', 'CD']",2023
1026,DODGE,Durango SRT AWD,A-8,6.2L,8cyl,13,12,17,"$4,700",1,"['P', 'S']",2023
1027,DODGE,Durango SRT AWD,A-8,6.4L,8cyl,15,13,19,"$4,100",2,"['P', 'CD']",2023
1028,FORD,Bronco Raptor 4WD,A-S10,3.0L,6cyl,15,15,16,"$3,150",2,"['T', 'PT4', 'SS']",2023
1029,FORD,Expedition 4WD,A-S10,3.5L,6cyl,18,16,22,"$2,650",4,"['T', 'PT4', 'SS']",2023
1030,FORD,Expedition 4WD,A-S10,3.5L,6cyl,18,16,21,"$2,650",4,"['T', 'PT4']",2023
1031,FORD,Expedition Timberline AWD,A-S10,3.5L,6cyl,17,16,19,"$2,800",3,"['T', 'PT4', 'SS']",2023
1032,FORD,Expedition Timberline AWD,A-S10,3.5L,6cyl,17,15,19,"$2,800",3,"['T', 'PT4']",2023
1033,FORD,Explorer AWD,A-10,2.3L,4cyl,23,20,27,"$2,050",5,"['T', 'PT4', 'SS']",2023
1034,FORD,Explorer AWD,A-10,2.3L,4cyl,22,20,26,"$2,150",5,"['T', 'PT4']",2023
1035,FORD,Explorer AWD,A-10,3.0L,6cyl,20,18,24,"$2,400",4,"['T', 'PT4', 'SS']",2023
1036,FORD,Explorer AWD,A-10,3.0L,6cyl,20,17,24,"$2,400",4,"['T', 'PT4']",2023
1037,FORD,Explorer AWD,A-S10,3.0L,6cyl,20,18,24,"$2,400",4,"['T', 'PT4', 'SS']",2023
1038,FORD,Explorer AWD,A-S10,3.0L,6cyl,20,17,24,"$2,400",4,"['T', 'PT4']",2023
1039,FORD,Explorer FFV AWD,A-10,3.3L,6cyl,20,17,25,"$2,400",4,"['Gas', 'PT4']",2023
1040,FORD,Explorer HEV AWD,A-10,3.3L,6cyl,25,23,26,"$1,900",5,"['PT4', 'HEV', 'SS']",2023
1041,FORD,Explorer Platinum HEV AWD,A-10,3.3L,6cyl,23,23,24,"$2,050",5,"['PT4', 'HEV', 'SS']",2023
1042,FORD,Explorer Timberline AWD,A-S10,2.3L,4cyl,21,19,22,"$2,250",4,"['T', 'PT4', 'SS']",2023
1043,FORD,Explorer Timberline AWD,A-S10,2.3L,4cyl,20,19,21,"$2,400",4,"['T', 'PT4']",2023
1044,GENESIS,GV80 AWD,A-S8,2.5L,4cyl,22,20,24,"$2,800",5,"['P', 'T', 'SS']",2023
1045,GENESIS,GV80 AWD,A-S8,3.5L,6cyl,20,18,23,"$3,050",4,"['P', 'T', 'SS']",2023
1046,GMC,Acadia AWD,A-9,2.0L,4cyl,24,22,27,"$2,000",5,"['T', 'CD', 'SS']",2023
1047,GMC,Acadia AWD,A-9,3.6L,6cyl,21,19,26,"$2,250",4,"['CD', 'SS']",2023
1048,GMC,Yukon 4WD,A-10,3.0L,6cyl,22,20,26,"$2,500",4,"['D', 'T', 'SS']",2023
1049,GMC,Yukon 4WD,A-10,5.3L,8cyl,17,15,20,"$2,800",3,"['CD', 'SS']",2023
1050,GMC,Yukon 4WD,A-10,6.2L,8cyl,16,14,18,"$3,800",3,"['PR', 'CD', 'SS']",2023
1051,GMC,Yukon XL 4WD,A-10,3.0L,6cyl,22,20,26,"$2,500",4,"['D', 'T', 'SS']",2023
1052,GMC,Yukon XL 4WD,A-10,5.3L,8cyl,16,15,19,"$2,950",3,"['CD', 'SS']",2023
1053,GMC,Yukon XL 4WD,A-10,6.2L,8cyl,16,14,18,"$3,800",3,"['PR', 'CD', 'SS']",2023
1054,HONDA,Pilot AWD,A-S10,3.5L,6cyl,21,19,25,"$2,250",4,"['CD', 'SS']",2023
1055,HONDA,Pilot AWD Touring/Elite/Black,A-S10,3.5L,6cyl,21,19,25,"$2,250",4,"['CD', 'SS']",2023
1056,HONDA,Pilot AWD TrailSport,A-S10,3.5L,6cyl,20,18,23,"$2,400",4,"['CD', 'SS']",2023
1057,INEOS AUTOMOTIVE,Grenadier,A-S8,3.0L,6cyl,15,15,15,"$4,100",2,"['P', 'T', 'SS']",2023
1058,INEOS AUTOMOTIVE,Grenadier Trialmaster Edition,A-S8,3.0L,6cyl,14,14,14,"$4,350",2,"['P', 'T', 'SS']",2023
1059,INFINITI,QX60 AWD,A-S9,3.5L,6cyl,22,20,25,"$2,800",5,"['P', 'SS']",2023
1060,INFINITI,QX80 4WD,A-S7,5.6L,8cyl,15,13,19,"$4,100",2,['P'],2023
1061,INFINITI,QX80 4WD,A-S7,5.6L,8cyl,15,13,19,"$4,100",2,"['P', 'MDPV']",2023
1062,JEEP,Grand Cherokee 4WD,A-8,3.6L,6cyl,22,19,26,"$2,150",5,['SS'],2023
1063,JEEP,Grand Cherokee 4WD,A-8,5.7L,8cyl,17,14,22,"$3,300",3,"['Mid', 'CD']",2023
1064,JEEP,Grand Cherokee L 4WD,A-8,3.6L,6cyl,21,18,25,"$2,250",4,['SS'],2023
1065,JEEP,Grand Cherokee L 4WD,A-8,5.7L,8cyl,17,14,22,"$3,300",3,"['Mid', 'CD']",2023
1066,JEEP,Grand Wagoneer 4WD,A-8,3.0L,6cyl,17,14,20,"$3,600",3,"['P', 'T', 'SS']",2023
1067,JEEP,Grand Wagoneer 4WD,A-8,6.4L,8cyl,15,13,18,"$4,100",2,"['P', 'CD']",2023
1068,JEEP,Grand Wagoneer L 4WD,A-8,3.0L,6cyl,16,14,19,"$3,800",3,"['P', 'T', 'SS']",2023
1069,JEEP,Wagoneer 4WD,A-8,3.0L,6cyl,19,16,23,"$2,500",4,"['T', 'SS']",2023
1070,JEEP,Wagoneer 4WD,A-8,5.7L,8cyl,17,15,20,"$3,300",3,"['Mid', 'CD', 'MHEV', 'SS']",2023
1071,JEEP,Wagoneer L 4WD,A-8,3.0L,6cyl,19,16,23,"$2,500",4,"['T', 'SS']",2023
1072,LAMBORGHINI,Urus S,A-S8,4.0L,8cyl,16,14,19,"$3,800",3,"['P', 'T', 'CD', 'SS']",2023
1073,LAND ROVER,Defender 110,A-S8,2.0L,4cyl,18,17,20,"$3,400",4,"['P', 'T', 'SS']",2023
1074,LAND ROVER,Defender 110,A-S8,5.0L,8cyl,16,14,19,"$3,800",3,"['P', 'S', 'SS']",2023
1075,LAND ROVER,Defender 110 MHEV,A-S8,3.0L,6cyl,20,18,23,"$3,050",4,"['P', 'MHEV', 'SS']",2023
1076,LAND ROVER,Defender 130 P300 MHEV,A-S8,3.0L,6cyl,19,17,21,"$3,200",4,"['P', 'MHEV', 'SS']",2023
1077,LAND ROVER,Defender 130 P400 MHEV,A-S8,3.0L,6cyl,19,17,21,"$3,200",4,"['P', 'MHEV', 'SS']",2023
1078,LAND ROVER,Defender 90,A-S8,2.0L,4cyl,19,18,21,"$3,200",4,"['P', 'T', 'SS']",2023
1079,LAND ROVER,Defender 90,A-S8,5.0L,8cyl,16,15,19,"$3,800",3,"['P', 'S', 'SS']",2023
1080,LAND ROVER,Defender 90 MHEV,A-S8,3.0L,6cyl,20,18,23,"$3,050",4,"['P', 'MHEV', 'SS']",2023
1081,LAND ROVER,Discovery,A-S8,2.0L,4cyl,21,19,22,"$2,900",4,"['P', 'T', 'SS']",2023
1082,LAND ROVER,Discovery MHEV,A-S8,3.0L,6cyl,22,19,25,"$2,800",5,"['P', 'MHEV', 'SS']",2023
1083,LAND ROVER,New Range Rover,A-S8,4.4L,8cyl,18,16,21,"$3,400",4,"['P', 'T', 'SS']",2023
1084,LAND ROVER,New Range Rover,A-S8,4.4L,8cyl,18,16,21,"$3,400",4,"['P', 'T', 'SV', 'SS']",2023
1085,LAND ROVER,New Range Rover LWB,A-S8,4.4L,8cyl,18,16,21,"$3,400",4,"['P', 'T', 'SS']",2023
1086,LAND ROVER,New Range Rover LWB,A-S8,4.4L,8cyl,18,16,21,"$3,400",4,"['P', 'T', 'SV', 'SS']",2023
1087,LAND ROVER,New Range Rover P360 LWB MHEV,A-S8,3.0L,6cyl,21,18,26,"$2,900",4,"['P', 'MHEV', 'SS']",2023
1088,LAND ROVER,New Range Rover P360 MHEV,A-S8,3.0L,6cyl,21,18,26,"$2,900",4,"['P', 'MHEV', 'SS']",2023
1089,LAND ROVER,New Range Rover P400 LWB MHEV,A-S8,3.0L,6cyl,21,18,26,"$2,900",4,"['P', 'MHEV', 'SS']",2023
1090,LAND ROVER,New Range Rover P400 MHEV,A-S8,3.0L,6cyl,21,18,26,"$2,900",4,"['P', 'MHEV', 'SS']",2023
1091,LAND ROVER,New Range Rover Sport,A-S8,4.4L,8cyl,18,16,21,"$3,400",4,"['P', 'T', 'SS']",2023
1092,LAND ROVER,New Range Rover Sport P360 MHEV,A-S8,3.0L,6cyl,22,19,26,"$2,800",5,"['P', 'MHEV', 'SS']",2023
1093,LAND ROVER,New Range Rover Sport P400 MHEV,A-S8,3.0L,6cyl,21,18,26,"$2,900",4,"['P', 'MHEV', 'SS']",2023
1094,LEXUS,GX 460,A-S6,4.6L,8cyl,16,15,19,"$3,800",3,['PR'],2023
1095,LEXUS,LX 600,A-S10,3.4L,6cyl,19,17,22,"$3,200",4,"['PR', 'T', 'SS']",2023
1096,LINCOLN,Aviator AWD,A-S10,3.0L,6cyl,20,17,24,"$2,400",4,"['T', 'PT4', 'SS']",2023
1097,LINCOLN,Aviator AWD,A-S10,3.0L,6cyl,19,16,24,"$2,500",4,"['T', 'PT4']",2023
1098,LINCOLN,Navigator 4WD,A-S10,3.5L,6cyl,18,16,22,"$2,650",4,"['T', 'PT4', 'SS']",2023
1099,LINCOLN,Navigator 4WD,A-S10,3.5L,6cyl,17,15,21,"$2,800",3,"['T', 'PT4']",2023
1100,MASERATI,Levante GT,A-8,3.0L,6cyl,18,16,22,"$3,400",4,"['PR', 'T', 'SS']",2023
1101,MASERATI,Levante Modena,A-8,3.0L,6cyl,18,16,22,"$3,400",4,"['PR', 'T', 'SS']",2023
1102,MASERATI,Levante Modena V8,A-8,3.8L,8cyl,16,13,20,"$3,800",3,"['PR', 'T', 'SS']",2023
1103,MASERATI,Levante Trofeo,A-8,3.8L,8cyl,16,13,20,"$3,800",3,"['PR', 'T', 'SS']",2023
1104,MERCEDES-BENZ,AMG G 63 4x4 Squared,A-9,4.0L,8cyl,11,10,12,"$5,550",1,"['PR', 'T', 'SS']",2023
1105,MERCEDES-BENZ,AMG G63,A-9,4.0L,8cyl,14,13,16,"$4,350",2,"['PR', 'T', 'CD', 'SS']",2023
1106,MERCEDES-BENZ,AMG GLE53 4matic Plus,A-9,3.0L,6cyl,19,18,22,"$3,200",4,"['PR', 'MHEV', 'SS']",2023
1107,MERCEDES-BENZ,AMG GLE53 4matic Plus Coupe,A-9,3.0L,6cyl,19,17,21,"$3,200",4,"['PR', 'MHEV', 'SS']",2023
1108,MERCEDES-BENZ,AMG GLE63 S 4matic Plus,A-9,4.0L,8cyl,17,15,20,"$3,600",3,"['PR', 'T', 'CD', 'MHEV', 'SS']",2023
1109,MERCEDES-BENZ,AMG GLE63 S 4matic Plus Coupe,A-9,4.0L,8cyl,17,15,19,"$3,600",3,"['PR', 'T', 'CD', 'MHEV', 'SS']",2023
1110,MERCEDES-BENZ,AMG GLS63 4matic Plus,A-9,4.0L,8cyl,16,14,19,"$3,800",3,"['PR', 'T', 'CD', 'MHEV', 'SS']",2023
1111,MERCEDES-BENZ,G550,A-9,4.0L,8cyl,14,13,16,"$4,350",2,"['PR', 'T', 'CD', 'SS']",2023
1112,MERCEDES-BENZ,GLE450 4matic,A-9,3.0L,6cyl,22,20,25,"$2,800",5,"['PR', 'T', 'MHEV', 'SS']",2023
1113,MERCEDES-BENZ,GLE580 4matic,A-9,4.0L,8cyl,18,16,21,"$3,400",4,"['PR', 'T', 'CD', 'MHEV', 'SS']",2023
1114,MERCEDES-BENZ,GLS450 4matic,A-9,3.0L,6cyl,20,18,23,"$3,050",4,"['PR', 'T', 'MHEV', 'SS']",2023
1115,MERCEDES-BENZ,GLS580 4matic,A-9,4.0L,8cyl,18,16,21,"$3,400",4,"['PR', 'T', 'CD', 'MHEV', 'SS']",2023
1116,MERCEDES-BENZ,GLS600 4matic Maybach,A-9,4.0L,8cyl,17,15,20,"$3,600",3,"['PR', 'T', 'CD', 'MHEV', 'SS']",2023
1117,NISSAN,Armada 4WD,A-S7,5.6L,8cyl,15,13,18,"$4,100",2,['P'],2023
1118,NISSAN,Armada 4WD,A-S7,5.6L,8cyl,15,13,18,"$4,100",2,"['P', 'MDPV']",2023
1119,PORSCHE,Cayenne,A-S8,3.0L,6cyl,19,17,22,"$3,200",4,"['PR', 'T', 'SS']",2023
1120,PORSCHE,Cayenne Coupe,A-S8,3.0L,6cyl,19,17,22,"$3,200",4,"['PR', 'T', 'SS']",2023
1121,PORSCHE,Cayenne GTS,A-S8,4.0L,8cyl,17,15,19,"$3,600",3,"['PR', 'T', 'CD', 'SS']",2023
1122,PORSCHE,Cayenne GTS Coupe,A-S8,4.0L,8cyl,17,15,19,"$3,600",3,"['PR', 'T', 'CD', 'SS']",2023
1123,PORSCHE,Cayenne S,A-S8,2.9L,6cyl,18,16,22,"$3,400",4,"['PR', 'T', 'SS']",2023
1124,PORSCHE,Cayenne S Coupe,A-S8,2.9L,6cyl,18,16,21,"$3,400",4,"['PR', 'T', 'SS']",2023
1125,PORSCHE,Cayenne Turbo,A-S8,4.0L,8cyl,16,14,19,"$3,800",3,"['PR', 'T', 'CD', 'SS']",2023
1126,PORSCHE,Cayenne Turbo Coupe,A-S8,4.0L,8cyl,17,15,20,"$3,600",3,"['PR', 'T', 'CD', 'SS']",2023
1127,PORSCHE,Cayenne Turbo GT,A-S8,4.0L,8cyl,16,14,19,"$3,800",3,"['PR', 'T', 'CD', 'SS']",2023
1128,SUBARU,Ascent,AV-S8,2.4L,4cyl,22,20,26,"$2,150",5,['T'],2023
1129,SUBARU,Ascent Limited/Touring/Onyx AWD,AV-S8,2.4L,4cyl,21,19,25,"$2,250",4,['T'],2023
1130,TOYOTA,4Runner 4WD,A-S5,4.0L,6cyl,17,16,19,"$2,800",3,['PT4'],2023
1131,TOYOTA,4Runner 4WD,A-S5,4.0L,6cyl,17,16,19,"$2,800",3,[],2023
1132,TOYOTA,Highlander Hybrid AWD,AV-S6,2.5L,4cyl,35,35,35,"$1,350",7,"['HEV', 'SS']",2023
1133,TOYOTA,Highlander Hybrid AWD LTD/PLAT,AV-S6,2.5L,4cyl,35,35,34,"$1,350",7,"['HEV', 'SS']",2023
1134,TOYOTA,Sequoia 4WD,A-S10,3.4L,6cyl,20,19,22,"$2,400",4,"['T', 'PT4', 'HEV', 'SS']",2023
1135,VOLVO,XC90 B5 AWD,A-S8,2.0L,4cyl,25,22,28,"$2,450",5,"['PR', 'T', 'MHEV', 'SS']",2023
1136,VOLVO,XC90 B6 AWD,A-S8,2.0L,4cyl,22,20,26,"$2,800",5,"['PR', 'T', 'S', 'MHEV', 'SS']",2023
